generic_name,GEO_ID,myCount
LISINOPRIL,0500000US27109,3418
LISINOPRIL,0500000US12095,6322
LISINOPRIL,0500000US41039,2158
LISINOPRIL,0500000US47065,2982
LISINOPRIL,0500000US05003,86
LISINOPRIL,0500000US25017,8774
LISINOPRIL,0500000US36061,17169
LISINOPRIL,0500000US12021,2196
LISINOPRIL,0500000US06067,7592
LISINOPRIL,0500000US26049,2828
LISINOPRIL,0500000US54101,107
LISINOPRIL,0500000US48027,1540
LISINOPRIL,0500000US13121,6548
LISINOPRIL,0500000US48201,17566
LISINOPRIL,0500000US55079,5923
LISINOPRIL,0500000US27007,320
LISINOPRIL,0500000US06077,2698
LISINOPRIL,0500000US34003,4503
LISINOPRIL,0500000US39165,1090
LISINOPRIL,0500000US01095,464
LISINOPRIL,0500000US01009,160
LISINOPRIL,0500000US01049,284
LISINOPRIL,0500000US48039,816
LISINOPRIL,0500000US06037,43900
LISINOPRIL,0500000US25025,12572
LISINOPRIL,0500000US28081,1015
LISINOPRIL,0500000US48157,2167
LISINOPRIL,0500000US12011,8845
LISINOPRIL,0500000US32019,93
LISINOPRIL,0500000US13139,1374
LISINOPRIL,0500000US08059,3392
LISINOPRIL,0500000US08077,1085
LISINOPRIL,0500000US53033,13493
LISINOPRIL,0500000US18067,499
LISINOPRIL,0500000US48121,2532
LISINOPRIL,0500000US55009,1556
LISINOPRIL,0500000US51680,1063
LISINOPRIL,0500000US06007,1236
LISINOPRIL,0500000US47037,5998
LISINOPRIL,0500000US36047,10009
LISINOPRIL,0500000US41063,71
LISINOPRIL,0500000US39049,8265
LISINOPRIL,0500000US12105,2878
LISINOPRIL,0500000US37063,3053
LISINOPRIL,0500000US28113,211
LISINOPRIL,0500000US39035,10187
LISINOPRIL,0500000US17031,27973
LISINOPRIL,0500000US06059,14358
LISINOPRIL,0500000US04013,21069
LISINOPRIL,0500000US06085,8329
LISINOPRIL,0500000US22079,881
LISINOPRIL,0500000US54037,173
LISINOPRIL,0500000US48113,11832
LISINOPRIL,0500000US08001,3193
LISINOPRIL,0500000US34017,1871
LISINOPRIL,0500000US36081,8400
LISINOPRIL,0500000US54083,187
LISINOPRIL,0500000US12085,1102
LISINOPRIL,0500000US12103,6283
LISINOPRIL,0500000US17043,5195
LISINOPRIL,0500000US24031,4612
LISINOPRIL,0500000US42101,11686
LISINOPRIL,0500000US21029,257
LISINOPRIL,0500000US06075,5634
LISINOPRIL,0500000US12086,14092
LISINOPRIL,0500000US48141,2908
LISINOPRIL,0500000US23005,3047
LISINOPRIL,0500000US19017,164
LISINOPRIL,0500000US54055,455
LISINOPRIL,0500000US42125,1247
LISINOPRIL,0500000US42003,9443
LISINOPRIL,0500000US53035,1182
LISINOPRIL,0500000US39113,3654
LISINOPRIL,0500000US18019,582
LISINOPRIL,0500000US26021,879
LISINOPRIL,0500000US39019,55
LISINOPRIL,0500000US05119,3197
LISINOPRIL,0500000US05051,771
LISINOPRIL,0500000US06013,4798
LISINOPRIL,0500000US06025,522
LISINOPRIL,0500000US01097,2069
LISINOPRIL,0500000US22051,3319
LISINOPRIL,0500000US20177,1137
LISINOPRIL,0500000US47009,695
LISINOPRIL,0500000US05067,87
LISINOPRIL,0500000US27145,1439
LISINOPRIL,0500000US55063,1450
LISINOPRIL,0500000US26093,624
LISINOPRIL,0500000US32007,176
LISINOPRIL,0500000US20037,282
LISINOPRIL,0500000US47093,3454
LISINOPRIL,0500000US39143,290
LISINOPRIL,0500000US25003,983
LISINOPRIL,0500000US26055,1077
LISINOPRIL,0500000US48215,2733
LISINOPRIL,0500000US29165,373
LISINOPRIL,0500000US29081,63
LISINOPRIL,0500000US29069,105
LISINOPRIL,0500000US42045,2872
LISINOPRIL,0500000US20173,3362
LISINOPRIL,0500000US12057,7590
LISINOPRIL,0500000US19167,228
LISINOPRIL,0500000US41035,562
LISINOPRIL,0500000US06071,7914
LISINOPRIL,0500000US40143,4660
LISINOPRIL,0500000US09009,5767
LISINOPRIL,0500000US48491,1939
LISINOPRIL,0500000US13021,1443
LISINOPRIL,0500000US12083,2099
LISINOPRIL,0500000US12097,1592
LISINOPRIL,0500000US27011,85
LISINOPRIL,0500000US06073,14786
LISINOPRIL,0500000US06065,8078
LISINOPRIL,0500000US37183,4578
LISINOPRIL,0500000US36033,252
LISINOPRIL,0500000US49045,150
LISINOPRIL,0500000US17197,2139
LISINOPRIL,0500000US34005,2052
LISINOPRIL,0500000US41015,177
LISINOPRIL,0500000US48041,1046
LISINOPRIL,0500000US10003,3465
LISINOPRIL,0500000US36051,343
LISINOPRIL,0500000US29101,168
LISINOPRIL,0500000US20041,75
LISINOPRIL,0500000US27123,4062
LISINOPRIL,0500000US35055,207
LISINOPRIL,0500000US53067,1609
LISINOPRIL,0500000US45083,1718
LISINOPRIL,0500000US30029,767
LISINOPRIL,0500000US37067,3623
LISINOPRIL,0500000US32017,25
LISINOPRIL,0500000US01083,320
LISINOPRIL,0500000US36029,6252
LISINOPRIL,0500000US48231,428
LISINOPRIL,0500000US39157,363
LISINOPRIL,0500000US53053,3983
LISINOPRIL,0500000US37189,274
LISINOPRIL,0500000US18089,2614
LISINOPRIL,0500000US06001,7509
LISINOPRIL,0500000US41017,1216
LISINOPRIL,0500000US48355,1797
LISINOPRIL,0500000US44007,4663
LISINOPRIL,0500000US12069,1891
LISINOPRIL,0500000US22017,2201
LISINOPRIL,0500000US12093,193
LISINOPRIL,0500000US12073,1659
LISINOPRIL,0500000US17117,187
LISINOPRIL,0500000US29083,222
LISINOPRIL,0500000US01073,4838
LISINOPRIL,0500000US34023,3693
LISINOPRIL,0500000US29510,2973
LISINOPRIL,0500000US54011,1346
LISINOPRIL,0500000US47179,1624
LISINOPRIL,0500000US12099,7013
LISINOPRIL,0500000US19193,748
LISINOPRIL,0500000US45025,142
LISINOPRIL,0500000US41047,1843
LISINOPRIL,0500000US18097,6722
LISINOPRIL,0500000US18057,1911
LISINOPRIL,0500000US34029,2261
LISINOPRIL,0500000US27053,9469
LISINOPRIL,0500000US21059,618
LISINOPRIL,0500000US17069,25
LISINOPRIL,0500000US53047,426
LISINOPRIL,0500000US06019,4270
LISINOPRIL,0500000US06111,3751
LISINOPRIL,0500000US25021,4304
LISINOPRIL,0500000US30013,555
LISINOPRIL,0500000US30015,169
LISINOPRIL,0500000US21213,114
LISINOPRIL,0500000US40109,5052
LISINOPRIL,0500000US48375,1271
LISINOPRIL,0500000US21157,145
LISINOPRIL,0500000US29121,66
LISINOPRIL,0500000US23025,354
LISINOPRIL,0500000US06083,1903
LISINOPRIL,0500000US72123,92
LISINOPRIL,0500000US27137,1955
LISINOPRIL,0500000US04019,5811
LISINOPRIL,0500000US19045,219
LISINOPRIL,0500000US22117,177
LISINOPRIL,0500000US51678,105
LISINOPRIL,0500000US22053,139
LISINOPRIL,0500000US20205,106
LISINOPRIL,0500000US26125,9289
LISINOPRIL,0500000US40133,133
LISINOPRIL,0500000US13163,66
LISINOPRIL,0500000US33011,2575
LISINOPRIL,0500000US51595,78
LISINOPRIL,0500000US36067,3335
LISINOPRIL,0500000US26163,10130
LISINOPRIL,0500000US20155,261
LISINOPRIL,0500000US27171,502
LISINOPRIL,0500000US12101,2901
LISINOPRIL,0500000US20097,35
LISINOPRIL,0500000US08031,4114
LISINOPRIL,0500000US08005,3316
LISINOPRIL,0500000US37021,2835
LISINOPRIL,0500000US13153,621
LISINOPRIL,0500000US48439,8370
LISINOPRIL,0500000US09011,1303
LISINOPRIL,0500000US21107,305
LISINOPRIL,0500000US36059,7850
LISINOPRIL,0500000US42043,2609
LISINOPRIL,0500000US45045,3507
LISINOPRIL,0500000US17201,1731
LISINOPRIL,0500000US42133,2562
LISINOPRIL,0500000US47123,189
LISINOPRIL,0500000US42077,3810
LISINOPRIL,0500000US29077,2398
LISINOPRIL,0500000US33013,1372
LISINOPRIL,0500000US33019,167
LISINOPRIL,0500000US39153,3690
LISINOPRIL,0500000US18061,146
LISINOPRIL,0500000US27111,386
LISINOPRIL,0500000US34035,1535
LISINOPRIL,0500000US72023,229
LISINOPRIL,0500000US04007,264
LISINOPRIL,0500000US55133,2178
LISINOPRIL,0500000US44009,617
LISINOPRIL,0500000US51540,1363
LISINOPRIL,0500000US27087,51
LISINOPRIL,0500000US39037,188
LISINOPRIL,0500000US72113,1123
LISINOPRIL,0500000US12127,2652
LISINOPRIL,0500000US06061,2189
LISINOPRIL,0500000US29189,6736
LISINOPRIL,0500000US12111,1362
LISINOPRIL,0500000US18069,164
LISINOPRIL,0500000US19113,1124
LISINOPRIL,0500000US24009,360
LISINOPRIL,0500000US39131,192
LISINOPRIL,0500000US26099,4870
LISINOPRIL,0500000US55027,587
LISINOPRIL,0500000US40017,427
LISINOPRIL,0500000US32003,8506
LISINOPRIL,0500000US42007,635
LISINOPRIL,0500000US12031,6486
LISINOPRIL,0500000US05007,1239
LISINOPRIL,0500000US18065,201
LISINOPRIL,0500000US17195,336
LISINOPRIL,0500000US48477,126
LISINOPRIL,0500000US09003,6139
LISINOPRIL,0500000US31109,1732
LISINOPRIL,0500000US01125,1096
LISINOPRIL,0500000US49049,1628
LISINOPRIL,0500000US51770,1258
LISINOPRIL,0500000US41009,155
LISINOPRIL,0500000US34021,2017
LISINOPRIL,0500000US44001,195
LISINOPRIL,0500000US13067,2837
LISINOPRIL,0500000US39017,1593
LISINOPRIL,0500000US13077,372
LISINOPRIL,0500000US36023,298
LISINOPRIL,0500000US45051,1647
LISINOPRIL,0500000US17085,66
LISINOPRIL,0500000US35001,4741
LISINOPRIL,0500000US17187,64
LISINOPRIL,0500000US25011,416
LISINOPRIL,0500000US45027,144
LISINOPRIL,0500000US13277,338
LISINOPRIL,0500000US13019,127
LISINOPRIL,0500000US06095,1861
LISINOPRIL,0500000US06089,1279
LISINOPRIL,0500000US42099,152
LISINOPRIL,0500000US23001,984
LISINOPRIL,0500000US20209,1181
LISINOPRIL,0500000US47145,263
LISINOPRIL,0500000US06029,3316
LISINOPRIL,0500000US39055,418
LISINOPRIL,0500000US48453,5174
LISINOPRIL,0500000US27003,1466
LISINOPRIL,0500000US25005,2868
LISINOPRIL,0500000US28121,684
LISINOPRIL,0500000US36055,6736
LISINOPRIL,0500000US06079,1370
LISINOPRIL,0500000US54109,131
LISINOPRIL,0500000US36001,2514
LISINOPRIL,0500000US37045,564
LISINOPRIL,0500000US37161,373
LISINOPRIL,0500000US45019,3522
LISINOPRIL,0500000US29019,1532
LISINOPRIL,0500000US26065,2387
LISINOPRIL,0500000US55129,197
LISINOPRIL,0500000US55013,131
LISINOPRIL,0500000US48309,1313
LISINOPRIL,0500000US53061,3408
LISINOPRIL,0500000US48499,178
LISINOPRIL,0500000US46029,179
LISINOPRIL,0500000US31055,4086
LISINOPRIL,0500000US47157,5130
LISINOPRIL,0500000US21023,24
LISINOPRIL,0500000US19061,607
LISINOPRIL,0500000US36093,1035
LISINOPRIL,0500000US53063,3838
LISINOPRIL,0500000US37001,645
LISINOPRIL,0500000US12107,322
LISINOPRIL,0500000US12001,2592
LISINOPRIL,0500000US28163,90
LISINOPRIL,0500000US22021,102
LISINOPRIL,0500000US42021,952
LISINOPRIL,0500000US18063,790
LISINOPRIL,0500000US37107,300
LISINOPRIL,0500000US45073,437
LISINOPRIL,0500000US53075,220
LISINOPRIL,0500000US37013,513
LISINOPRIL,0500000US53025,519
LISINOPRIL,0500000US19187,250
LISINOPRIL,0500000US54081,604
LISINOPRIL,0500000US06105,65
LISINOPRIL,0500000US41005,2183
LISINOPRIL,0500000US37129,1780
LISINOPRIL,0500000US55089,552
LISINOPRIL,0500000US36005,7909
LISINOPRIL,0500000US17099,444
LISINOPRIL,0500000US08067,424
LISINOPRIL,0500000US08045,318
LISINOPRIL,0500000US72005,360
LISINOPRIL,0500000US27037,1418
LISINOPRIL,0500000US21145,702
LISINOPRIL,0500000US42017,3394
LISINOPRIL,0500000US34013,3350
LISINOPRIL,0500000US01117,659
LISINOPRIL,0500000US51690,224
LISINOPRIL,0500000US12071,3658
LISINOPRIL,0500000US18141,1656
LISINOPRIL,0500000US27141,208
LISINOPRIL,0500000US47059,403
LISINOPRIL,0500000US24510,6341
LISINOPRIL,0500000US26081,4774
LISINOPRIL,0500000US42019,956
LISINOPRIL,0500000US41067,3164
LISINOPRIL,0500000US30021,80
LISINOPRIL,0500000US09001,4974
LISINOPRIL,0500000US12115,2781
LISINOPRIL,0500000US26137,189
LISINOPRIL,0500000US04027,795
LISINOPRIL,0500000US41029,1970
LISINOPRIL,0500000US25027,5933
LISINOPRIL,0500000US72125,210
LISINOPRIL,0500000US34015,1312
LISINOPRIL,0500000US56037,196
LISINOPRIL,0500000US42011,2063
LISINOPRIL,0500000US18003,2329
LISINOPRIL,0500000US25013,3350
LISINOPRIL,0500000US17007,351
LISINOPRIL,0500000US22077,86
LISINOPRIL,0500000US25001,1517
LISINOPRIL,0500000US06053,1904
LISINOPRIL,0500000US25015,980
LISINOPRIL,0500000US20091,3082
LISINOPRIL,0500000US72045,61
LISINOPRIL,0500000US29095,3949
LISINOPRIL,0500000US39093,1175
LISINOPRIL,0500000US17029,351
LISINOPRIL,0500000US34009,510
LISINOPRIL,0500000US47067,75
LISINOPRIL,0500000US47073,357
LISINOPRIL,0500000US47025,235
LISINOPRIL,0500000US01101,1262
LISINOPRIL,0500000US72013,633
LISINOPRIL,0500000US47165,928
LISINOPRIL,0500000US47063,366
LISINOPRIL,0500000US28033,634
LISINOPRIL,0500000US54079,296
LISINOPRIL,0500000US42091,5924
LISINOPRIL,0500000US26121,1239
LISINOPRIL,0500000US51683,260
LISINOPRIL,0500000US22055,1506
LISINOPRIL,0500000US27057,174
LISINOPRIL,0500000US41071,685
LISINOPRIL,0500000US42127,191
LISINOPRIL,0500000US29161,385
LISINOPRIL,0500000US48091,746
LISINOPRIL,0500000US17111,1138
LISINOPRIL,0500000US17097,2990
LISINOPRIL,0500000US56021,507
LISINOPRIL,0500000US06055,827
LISINOPRIL,0500000US78030,172
LISINOPRIL,0500000US30017,99
LISINOPRIL,0500000US35043,437
LISINOPRIL,0500000US13059,902
LISINOPRIL,0500000US47049,120
LISINOPRIL,0500000US40141,27
LISINOPRIL,0500000US72035,244
LISINOPRIL,0500000US04025,1418
LISINOPRIL,0500000US13215,1191
LISINOPRIL,0500000US42079,1758
LISINOPRIL,0500000US34027,2561
LISINOPRIL,0500000US12113,568
LISINOPRIL,0500000US55111,327
LISINOPRIL,0500000US35045,701
LISINOPRIL,0500000US13219,471
LISINOPRIL,0500000US17167,1782
LISINOPRIL,0500000US39109,460
LISINOPRIL,0500000US09005,651
LISINOPRIL,0500000US06109,341
LISINOPRIL,0500000US01089,2100
LISINOPRIL,0500000US42089,695
LISINOPRIL,0500000US48005,502
LISINOPRIL,0500000US45063,1261
LISINOPRIL,0500000US13245,1964
LISINOPRIL,0500000US26145,1599
LISINOPRIL,0500000US39061,6201
LISINOPRIL,0500000US04003,647
LISINOPRIL,0500000US39057,1040
LISINOPRIL,0500000US48029,8189
LISINOPRIL,0500000US51085,521
LISINOPRIL,0500000US35013,1146
LISINOPRIL,0500000US37097,1039
LISINOPRIL,0500000US17023,61
LISINOPRIL,0500000US06087,1372
LISINOPRIL,0500000US72017,109
LISINOPRIL,0500000US05143,1237
LISINOPRIL,0500000US42041,1671
LISINOPRIL,0500000US47101,63
LISINOPRIL,0500000US37071,1162
LISINOPRIL,0500000US49035,4849
LISINOPRIL,0500000US11001,4879
LISINOPRIL,0500000US13115,930
LISINOPRIL,0500000US01127,328
LISINOPRIL,0500000US13127,440
LISINOPRIL,0500000US22033,2830
LISINOPRIL,0500000US15003,4278
LISINOPRIL,0500000US39051,147
LISINOPRIL,0500000US17163,1253
LISINOPRIL,0500000US28111,55
LISINOPRIL,0500000US28131,77
LISINOPRIL,0500000US29029,190
LISINOPRIL,0500000US15001,895
LISINOPRIL,0500000US39003,832
LISINOPRIL,0500000US38015,791
LISINOPRIL,0500000US51710,1766
LISINOPRIL,0500000US37025,1621
LISINOPRIL,0500000US31157,232
LISINOPRIL,0500000US39099,1566
LISINOPRIL,0500000US51510,511
LISINOPRIL,0500000US27159,125
LISINOPRIL,0500000US37035,1113
LISINOPRIL,0500000US26077,2033
LISINOPRIL,0500000US18091,549
LISINOPRIL,0500000US12009,3196
LISINOPRIL,0500000US48001,247
LISINOPRIL,0500000US55105,775
LISINOPRIL,0500000US72091,335
LISINOPRIL,0500000US21221,63
LISINOPRIL,0500000US28123,148
LISINOPRIL,0500000US17143,1655
LISINOPRIL,0500000US24027,1153
LISINOPRIL,0500000US37151,621
LISINOPRIL,0500000US19153,2972
LISINOPRIL,0500000US40081,100
LISINOPRIL,0500000US40125,316
LISINOPRIL,0500000US42033,548
LISINOPRIL,0500000US29225,206
LISINOPRIL,0500000US42095,1415
LISINOPRIL,0500000US40065,107
LISINOPRIL,0500000US25009,4776
LISINOPRIL,0500000US46005,135
LISINOPRIL,0500000US51630,548
LISINOPRIL,0500000US06039,525
LISINOPRIL,0500000US72021,1218
LISINOPRIL,0500000US48303,1914
LISINOPRIL,0500000US12065,29
LISINOPRIL,0500000US44005,307
LISINOPRIL,0500000US23019,1643
LISINOPRIL,0500000US54013,48
LISINOPRIL,0500000US41051,6885
LISINOPRIL,0500000US21111,5854
LISINOPRIL,0500000US24005,5380
LISINOPRIL,0500000US12063,246
LISINOPRIL,0500000US30011,29
LISINOPRIL,0500000US21117,1130
LISINOPRIL,0500000US16027,818
LISINOPRIL,0500000US13135,2875
LISINOPRIL,0500000US06041,1210
LISINOPRIL,0500000US16055,1025
LISINOPRIL,0500000US51059,4045
LISINOPRIL,0500000US49053,726
LISINOPRIL,0500000US18159,165
LISINOPRIL,0500000US04015,1035
LISINOPRIL,0500000US36119,5180
LISINOPRIL,0500000US42063,321
LISINOPRIL,0500000US18163,1355
LISINOPRIL,0500000US26139,1152
LISINOPRIL,0500000US17177,232
LISINOPRIL,0500000US29023,389
LISINOPRIL,0500000US18173,441
LISINOPRIL,0500000US72149,51
LISINOPRIL,0500000US23003,579
LISINOPRIL,0500000US21193,517
LISINOPRIL,0500000US34031,1963
LISINOPRIL,0500000US37101,687
LISINOPRIL,0500000US27163,1310
LISINOPRIL,0500000US37105,345
LISINOPRIL,0500000US18035,807
LISINOPRIL,0500000US53005,1190
LISINOPRIL,0500000US18157,852
LISINOPRIL,0500000US39169,465
LISINOPRIL,0500000US13097,442
LISINOPRIL,0500000US01047,215
LISINOPRIL,0500000US72127,2831
LISINOPRIL,0500000US37159,565
LISINOPRIL,0500000US37119,6026
LISINOPRIL,0500000US51013,751
LISINOPRIL,0500000US21009,317
LISINOPRIL,0500000US35049,1080
LISINOPRIL,0500000US39041,1062
LISINOPRIL,0500000US22083,196
LISINOPRIL,0500000US04005,807
LISINOPRIL,0500000US06097,2743
LISINOPRIL,0500000US08041,2943
LISINOPRIL,0500000US39045,786
LISINOPRIL,0500000US51087,1672
LISINOPRIL,0500000US36107,212
LISINOPRIL,0500000US53011,2480
LISINOPRIL,0500000US13089,3238
LISINOPRIL,0500000US29185,34
LISINOPRIL,0500000US29015,139
LISINOPRIL,0500000US48451,707
LISINOPRIL,0500000US17077,534
LISINOPRIL,0500000US17199,582
LISINOPRIL,0500000US16079,62
LISINOPRIL,0500000US48209,618
LISINOPRIL,0500000US37127,521
LISINOPRIL,0500000US28047,951
LISINOPRIL,0500000US37023,754
LISINOPRIL,0500000US17045,94
LISINOPRIL,0500000US55101,737
LISINOPRIL,0500000US28007,117
LISINOPRIL,0500000US27055,68
LISINOPRIL,0500000US55141,684
LISINOPRIL,0500000US55097,396
LISINOPRIL,0500000US55001,89
LISINOPRIL,0500000US29087,23
LISINOPRIL,0500000US06009,133
LISINOPRIL,0500000US53077,1518
LISINOPRIL,0500000US53007,778
LISINOPRIL,0500000US22071,2095
LISINOPRIL,0500000US12019,895
LISINOPRIL,0500000US54049,224
LISINOPRIL,0500000US16041,38
LISINOPRIL,0500000US40027,1026
LISINOPRIL,0500000US24041,306
LISINOPRIL,0500000US54095,46
LISINOPRIL,0500000US42081,868
LISINOPRIL,0500000US36027,1410
LISINOPRIL,0500000US22119,204
LISINOPRIL,0500000US34019,756
LISINOPRIL,0500000US42071,3360
LISINOPRIL,0500000US27049,245
LISINOPRIL,0500000US48487,67
LISINOPRIL,0500000US20125,212
LISINOPRIL,0500000US48187,423
LISINOPRIL,0500000US39149,225
LISINOPRIL,0500000US21151,386
LISINOPRIL,0500000US19033,556
LISINOPRIL,0500000US30063,830
LISINOPRIL,0500000US23011,1062
LISINOPRIL,0500000US42121,315
LISINOPRIL,0500000US42061,202
LISINOPRIL,0500000US34041,508
LISINOPRIL,0500000US09015,525
LISINOPRIL,0500000US18011,412
LISINOPRIL,0500000US54069,600
LISINOPRIL,0500000US47077,151
LISINOPRIL,0500000US16083,532
LISINOPRIL,0500000US17183,373
LISINOPRIL,0500000US37055,174
LISINOPRIL,0500000US42027,848
LISINOPRIL,0500000US55059,684
LISINOPRIL,0500000US55139,1055
LISINOPRIL,0500000US55039,679
LISINOPRIL,0500000US21067,3137
LISINOPRIL,0500000US13051,1362
LISINOPRIL,0500000US12029,43
LISINOPRIL,0500000US46093,394
LISINOPRIL,0500000US01043,405
LISINOPRIL,0500000US37163,262
LISINOPRIL,0500000US55123,217
LISINOPRIL,0500000US55023,150
LISINOPRIL,0500000US18183,148
LISINOPRIL,0500000US12033,1974
LISINOPRIL,0500000US36065,1607
LISINOPRIL,0500000US39133,523
LISINOPRIL,0500000US72063,147
LISINOPRIL,0500000US48503,95
LISINOPRIL,0500000US48009,39
LISINOPRIL,0500000US48447,18
LISINOPRIL,0500000US29007,158
LISINOPRIL,0500000US37099,211
LISINOPRIL,0500000US51775,398
LISINOPRIL,0500000US51041,1541
LISINOPRIL,0500000US17193,49
LISINOPRIL,0500000US48203,245
LISINOPRIL,0500000US06081,2931
LISINOPRIL,0500000US26017,653
LISINOPRIL,0500000US26119,61
LISINOPRIL,0500000US46099,1322
LISINOPRIL,0500000US29037,244
LISINOPRIL,0500000US17113,618
LISINOPRIL,0500000US20145,51
LISINOPRIL,0500000US19197,85
LISINOPRIL,0500000US51165,434
LISINOPRIL,0500000US45011,45
LISINOPRIL,0500000US46041,62
LISINOPRIL,0500000US26003,163
LISINOPRIL,0500000US48085,3636
LISINOPRIL,0500000US40129,16
LISINOPRIL,0500000US24033,3006
LISINOPRIL,0500000US54019,290
LISINOPRIL,0500000US53073,1406
LISINOPRIL,0500000US20169,449
LISINOPRIL,0500000US12053,1052
LISINOPRIL,0500000US12081,1910
LISINOPRIL,0500000US23009,459
LISINOPRIL,0500000US08081,86
LISINOPRIL,0500000US45077,475
LISINOPRIL,0500000US42055,942
LISINOPRIL,0500000US06017,674
LISINOPRIL,0500000US26143,160
LISINOPRIL,0500000US01025,116
LISINOPRIL,0500000US01131,43
LISINOPRIL,0500000US01091,85
LISINOPRIL,0500000US45079,2590
LISINOPRIL,0500000US18083,276
LISINOPRIL,0500000US47167,225
LISINOPRIL,0500000US55085,338
LISINOPRIL,0500000US31135,60
LISINOPRIL,0500000US47061,88
LISINOPRIL,0500000US72097,560
LISINOPRIL,0500000US34007,3590
LISINOPRIL,0500000US42069,1530
LISINOPRIL,0500000US37169,249
LISINOPRIL,0500000US54039,1730
LISINOPRIL,0500000US21125,522
LISINOPRIL,0500000US08069,1962
LISINOPRIL,0500000US01021,108
LISINOPRIL,0500000US28089,516
LISINOPRIL,0500000US37111,237
LISINOPRIL,0500000US37027,416
LISINOPRIL,0500000US51840,901
LISINOPRIL,0500000US42013,905
LISINOPRIL,0500000US37135,1806
LISINOPRIL,0500000US24043,823
LISINOPRIL,0500000US29033,61
LISINOPRIL,0500000US18027,163
LISINOPRIL,0500000US28049,2373
LISINOPRIL,0500000US55137,152
LISINOPRIL,0500000US54005,146
LISINOPRIL,0500000US51820,55
LISINOPRIL,0500000US29163,83
LISINOPRIL,0500000US17081,258
LISINOPRIL,0500000US34039,2220
LISINOPRIL,0500000US02050,106
LISINOPRIL,0500000US31153,412
LISINOPRIL,0500000US30111,1348
LISINOPRIL,0500000US30003,268
LISINOPRIL,0500000US72137,206
LISINOPRIL,0500000US16011,240
LISINOPRIL,0500000US47023,99
LISINOPRIL,0500000US36007,1347
LISINOPRIL,0500000US18127,833
LISINOPRIL,0500000US13179,162
LISINOPRIL,0500000US27017,292
LISINOPRIL,0500000US72053,227
LISINOPRIL,0500000US24025,881
LISINOPRIL,0500000US36077,589
LISINOPRIL,0500000US50007,1508
LISINOPRIL,0500000US34001,1341
LISINOPRIL,0500000US42107,600
LISINOPRIL,0500000US40067,35
LISINOPRIL,0500000US28075,670
LISINOPRIL,0500000US19151,27
LISINOPRIL,0500000US51047,308
LISINOPRIL,0500000US45091,718
LISINOPRIL,0500000US28157,45
LISINOPRIL,0500000US08013,2219
LISINOPRIL,0500000US08089,115
LISINOPRIL,0500000US06057,589
LISINOPRIL,0500000US40079,202
LISINOPRIL,0500000US32031,2673
LISINOPRIL,0500000US51153,1011
LISINOPRIL,0500000US55025,3986
LISINOPRIL,0500000US36037,286
LISINOPRIL,0500000US17089,2317
LISINOPRIL,0500000US22089,150
LISINOPRIL,0500000US17091,552
LISINOPRIL,0500000US38017,1371
LISINOPRIL,0500000US02020,1831
LISINOPRIL,0500000US05131,1106
LISINOPRIL,0500000US21093,542
LISINOPRIL,0500000US48339,2402
LISINOPRIL,0500000US29145,589
LISINOPRIL,0500000US09007,869
LISINOPRIL,0500000US27115,143
LISINOPRIL,0500000US39119,529
LISINOPRIL,0500000US51173,217
LISINOPRIL,0500000US49057,990
LISINOPRIL,0500000US37147,1982
LISINOPRIL,0500000US48423,1821
LISINOPRIL,0500000US05009,229
LISINOPRIL,0500000US05101,105
LISINOPRIL,0500000US05089,85
LISINOPRIL,0500000US05015,191
LISINOPRIL,0500000US31119,372
LISINOPRIL,0500000US36103,6803
LISINOPRIL,0500000US39073,192
LISINOPRIL,0500000US13023,56
LISINOPRIL,0500000US20157,52
LISINOPRIL,0500000US25023,2171
LISINOPRIL,0500000US24021,968
LISINOPRIL,0500000US36091,1045
LISINOPRIL,0500000US29021,564
LISINOPRIL,0500000US29003,97
LISINOPRIL,0500000US08085,357
LISINOPRIL,0500000US39171,176
LISINOPRIL,0500000US17103,245
LISINOPRIL,0500000US17141,343
LISINOPRIL,0500000US51107,971
LISINOPRIL,0500000US01071,230
LISINOPRIL,0500000US21199,382
LISINOPRIL,0500000US47119,552
LISINOPRIL,0500000US12117,2093
LISINOPRIL,0500000US48053,272
LISINOPRIL,0500000US36123,170
LISINOPRIL,0500000US27061,390
LISINOPRIL,0500000US27021,173
LISINOPRIL,0500000US29097,619
LISINOPRIL,0500000US54053,106
LISINOPRIL,0500000US55041,42
LISINOPRIL,0500000US31067,97
LISINOPRIL,0500000US51750,39
LISINOPRIL,0500000US50005,190
LISINOPRIL,0500000US29047,1278
LISINOPRIL,0500000US53015,629
LISINOPRIL,0500000US53069,29
LISINOPRIL,0500000US06115,267
LISINOPRIL,0500000US48329,451
LISINOPRIL,0500000US37081,3050
LISINOPRIL,0500000US31041,80
LISINOPRIL,0500000US36083,722
LISINOPRIL,0500000US01069,799
LISINOPRIL,0500000US17005,150
LISINOPRIL,0500000US31149,24
LISINOPRIL,0500000US22045,312
LISINOPRIL,0500000US27139,350
LISINOPRIL,0500000US27133,55
LISINOPRIL,0500000US48245,1369
LISINOPRIL,0500000US05045,521
LISINOPRIL,0500000US48037,688
LISINOPRIL,0500000US37047,342
LISINOPRIL,0500000US19015,98
LISINOPRIL,0500000US02090,373
LISINOPRIL,0500000US13063,839
LISINOPRIL,0500000US50023,537
LISINOPRIL,0500000US45085,561
LISINOPRIL,0500000US04011,39
LISINOPRIL,0500000US08123,1308
LISINOPRIL,0500000US47029,228
LISINOPRIL,0500000US42029,2436
LISINOPRIL,0500000US24003,2424
LISINOPRIL,0500000US42031,224
LISINOPRIL,0500000US37157,333
LISINOPRIL,0500000US21127,83
LISINOPRIL,0500000US13151,1079
LISINOPRIL,0500000US18095,602
LISINOPRIL,0500000US46135,199
LISINOPRIL,0500000US19049,584
LISINOPRIL,0500000US21041,71
LISINOPRIL,0500000US13117,1102
LISINOPRIL,0500000US13057,893
LISINOPRIL,0500000US17161,676
LISINOPRIL,0500000US38099,59
LISINOPRIL,0500000US38067,46
LISINOPRIL,0500000US39095,3269
LISINOPRIL,0500000US39173,562
LISINOPRIL,0500000US39151,2072
LISINOPRIL,0500000US24013,741
LISINOPRIL,0500000US51195,243
LISINOPRIL,0500000US21055,53
LISINOPRIL,0500000US41059,283
LISINOPRIL,0500000US41049,73
LISINOPRIL,0500000US51075,87
LISINOPRIL,0500000US72031,614
LISINOPRIL,0500000US36071,1912
LISINOPRIL,0500000US47155,597
LISINOPRIL,0500000US31185,104
LISINOPRIL,0500000US27035,579
LISINOPRIL,0500000US13131,99
LISINOPRIL,0500000US49051,230
LISINOPRIL,0500000US39145,448
LISINOPRIL,0500000US39087,193
LISINOPRIL,0500000US46103,829
LISINOPRIL,0500000US29181,128
LISINOPRIL,0500000US22019,1253
LISINOPRIL,0500000US13313,512
LISINOPRIL,0500000US26161,4230
LISINOPRIL,0500000US28085,237
LISINOPRIL,0500000US37145,206
LISINOPRIL,0500000US45007,1141
LISINOPRIL,0500000US34025,3197
LISINOPRIL,0500000US18169,113
LISINOPRIL,0500000US06069,194
LISINOPRIL,0500000US51650,555
LISINOPRIL,0500000US21015,508
LISINOPRIL,0500000US47187,673
LISINOPRIL,0500000US51550,1017
LISINOPRIL,0500000US23031,1080
LISINOPRIL,0500000US49003,140
LISINOPRIL,0500000US45055,246
LISINOPRIL,0500000US41057,181
LISINOPRIL,0500000US55125,149
LISINOPRIL,0500000US29031,713
LISINOPRIL,0500000US18105,690
LISINOPRIL,0500000US17001,613
LISINOPRIL,0500000US40041,182
LISINOPRIL,0500000US53041,416
LISINOPRIL,0500000US26127,133
LISINOPRIL,0500000US39101,407
LISINOPRIL,0500000US47081,98
LISINOPRIL,0500000US17053,101
LISINOPRIL,0500000US17075,141
LISINOPRIL,0500000US34037,388
LISINOPRIL,0500000US21121,283
LISINOPRIL,0500000US27059,153
LISINOPRIL,0500000US06035,155
LISINOPRIL,0500000US16065,157
LISINOPRIL,0500000US36121,211
LISINOPRIL,0500000US12039,98
LISINOPRIL,0500000US06099,2519
LISINOPRIL,0500000US47021,184
LISINOPRIL,0500000US20079,250
LISINOPRIL,0500000US37049,535
LISINOPRIL,0500000US36035,302
LISINOPRIL,0500000US37051,1462
LISINOPRIL,0500000US16039,99
LISINOPRIL,0500000US29027,384
LISINOPRIL,0500000US01013,88
LISINOPRIL,0500000US42039,519
LISINOPRIL,0500000US01055,608
LISINOPRIL,0500000US19115,59
LISINOPRIL,0500000US41003,888
LISINOPRIL,0500000US18165,63
LISINOPRIL,0500000US13045,453
LISINOPRIL,0500000US13223,362
LISINOPRIL,0500000US40073,92
LISINOPRIL,0500000US35025,279
LISINOPRIL,0500000US06113,953
LISINOPRIL,0500000US39079,231
LISINOPRIL,0500000US47043,265
LISINOPRIL,0500000US38055,60
LISINOPRIL,0500000US36117,330
LISINOPRIL,0500000US19157,125
LISINOPRIL,0500000US17049,287
LISINOPRIL,0500000US42111,349
LISINOPRIL,0500000US40021,307
LISINOPRIL,0500000US49011,920
LISINOPRIL,0500000US55075,275
LISINOPRIL,0500000US39155,909
LISINOPRIL,0500000US51111,50
LISINOPRIL,0500000US18139,101
LISINOPRIL,0500000US72069,470
LISINOPRIL,0500000US29049,95
LISINOPRIL,0500000US29063,41
LISINOPRIL,0500000US29025,44
LISINOPRIL,0500000US29061,61
LISINOPRIL,0500000US55071,410
LISINOPRIL,0500000US21231,110
LISINOPRIL,0500000US21053,105
LISINOPRIL,0500000US48277,306
LISINOPRIL,0500000US51810,1578
LISINOPRIL,0500000US06047,1143
LISINOPRIL,0500000US35047,188
LISINOPRIL,0500000US55117,568
LISINOPRIL,0500000US45059,196
LISINOPRIL,0500000US45041,1105
LISINOPRIL,0500000US48257,363
LISINOPRIL,0500000US51191,410
LISINOPRIL,0500000US29111,30
LISINOPRIL,0500000US51179,166
LISINOPRIL,0500000US17119,960
LISINOPRIL,0500000US13185,483
LISINOPRIL,0500000US39013,324
LISINOPRIL,0500000US22097,479
LISINOPRIL,0500000US28073,477
LISINOPRIL,0500000US13287,24
LISINOPRIL,0500000US48183,865
LISINOPRIL,0500000US36087,1306
LISINOPRIL,0500000US13015,403
LISINOPRIL,0500000US21165,52
LISINOPRIL,0500000US17079,52
LISINOPRIL,0500000US17035,179
LISINOPRIL,0500000US53009,598
LISINOPRIL,0500000US37123,62
LISINOPRIL,0500000US17063,224
LISINOPRIL,0500000US42049,1985
LISINOPRIL,0500000US35039,268
LISINOPRIL,0500000US53001,130
LISINOPRIL,0500000US28067,416
LISINOPRIL,0500000US17019,1206
LISINOPRIL,0500000US26067,268
LISINOPRIL,0500000US26035,133
LISINOPRIL,0500000US47113,1128
LISINOPRIL,0500000US26151,200
LISINOPRIL,0500000US37115,105
LISINOPRIL,0500000US55033,303
LISINOPRIL,0500000US51760,2044
LISINOPRIL,0500000US19103,1648
LISINOPRIL,0500000US72061,309
LISINOPRIL,0500000US27081,52
LISINOPRIL,0500000US27039,13
LISINOPRIL,0500000US05031,1101
LISINOPRIL,0500000US05055,412
LISINOPRIL,0500000US26111,680
LISINOPRIL,0500000US37089,823
LISINOPRIL,0500000US22015,440
LISINOPRIL,0500000US33009,1513
LISINOPRIL,0500000US40137,195
LISINOPRIL,0500000US39063,357
LISINOPRIL,0500000US39027,238
LISINOPRIL,0500000US13311,73
LISINOPRIL,0500000US37085,481
LISINOPRIL,0500000US51003,871
LISINOPRIL,0500000US29099,605
LISINOPRIL,0500000US29213,437
LISINOPRIL,0500000US31079,369
LISINOPRIL,0500000US48367,453
LISINOPRIL,0500000US47149,1384
LISINOPRIL,0500000US13213,153
LISINOPRIL,0500000US06023,813
LISINOPRIL,0500000US28011,181
LISINOPRIL,0500000US01109,112
LISINOPRIL,0500000US16019,529
LISINOPRIL,0500000US39141,494
LISINOPRIL,0500000US27085,290
LISINOPRIL,0500000US48441,792
LISINOPRIL,0500000US37171,467
LISINOPRIL,0500000US05095,51
LISINOPRIL,0500000US47031,436
LISINOPRIL,0500000US36045,520
LISINOPRIL,0500000US47019,562
LISINOPRIL,0500000US19163,985
LISINOPRIL,0500000US37155,528
LISINOPRIL,0500000US72009,212
LISINOPRIL,0500000US28059,656
LISINOPRIL,0500000US47117,106
LISINOPRIL,0500000US51197,183
LISINOPRIL,0500000US36085,1729
LISINOPRIL,0500000US08007,89
LISINOPRIL,0500000US40121,287
LISINOPRIL,0500000US26129,204
LISINOPRIL,0500000US29183,1111
LISINOPRIL,0500000US15009,712
LISINOPRIL,0500000US13291,208
LISINOPRIL,0500000US13111,174
LISINOPRIL,0500000US04023,144
LISINOPRIL,0500000US48061,1305
LISINOPRIL,0500000US06107,1812
LISINOPRIL,0500000US20075,6
LISINOPRIL,0500000US05125,319
LISINOPRIL,0500000US28035,701
LISINOPRIL,0500000US18177,506
LISINOPRIL,0500000US36053,296
LISINOPRIL,0500000US40031,579
LISINOPRIL,0500000US18181,124
LISINOPRIL,0500000US08009,53
LISINOPRIL,0500000US36013,709
LISINOPRIL,0500000US08083,174
LISINOPRIL,0500000US54033,658
LISINOPRIL,0500000US47001,593
LISINOPRIL,0500000US72065,200
LISINOPRIL,0500000US40113,193
LISINOPRIL,0500000US17093,436
LISINOPRIL,0500000US13207,143
LISINOPRIL,0500000US13113,628
LISINOPRIL,0500000US29131,115
LISINOPRIL,0500000US36109,464
LISINOPRIL,0500000US51035,179
LISINOPRIL,0500000US40019,328
LISINOPRIL,0500000US55087,1405
LISINOPRIL,0500000US36019,579
LISINOPRIL,0500000US13285,336
LISINOPRIL,0500000US48099,215
LISINOPRIL,0500000US28105,161
LISINOPRIL,0500000US28025,104
LISINOPRIL,0500000US28087,369
LISINOPRIL,0500000US37037,489
LISINOPRIL,0500000US45013,818
LISINOPRIL,0500000US48167,1166
LISINOPRIL,0500000US21163,83
LISINOPRIL,0500000US12035,552
LISINOPRIL,0500000US48313,29
LISINOPRIL,0500000US17073,137
LISINOPRIL,0500000US28095,254
LISINOPRIL,0500000US18013,138
LISINOPRIL,0500000US49005,318
LISINOPRIL,0500000US49055,17
LISINOPRIL,0500000US37195,398
LISINOPRIL,0500000US08035,1288
LISINOPRIL,0500000US51155,126
LISINOPRIL,0500000US51021,104
LISINOPRIL,0500000US51167,170
LISINOPRIL,0500000US37061,217
LISINOPRIL,0500000US06031,544
LISINOPRIL,0500000US35031,488
LISINOPRIL,0500000US47011,447
LISINOPRIL,0500000US36079,354
LISINOPRIL,0500000US26069,167
LISINOPRIL,0500000US22009,156
LISINOPRIL,0500000US22043,33
LISINOPRIL,0500000US51031,152
LISINOPRIL,0500000US51019,252
LISINOPRIL,0500000US29105,142
LISINOPRIL,0500000US45015,524
LISINOPRIL,0500000US48485,730
LISINOPRIL,0500000US46033,52
LISINOPRIL,0500000US08101,1348
LISINOPRIL,0500000US18151,103
LISINOPRIL,0500000US29169,135
LISINOPRIL,0500000US05069,515
LISINOPRIL,0500000US46053,75
LISINOPRIL,0500000US46003,36
LISINOPRIL,0500000US02195,26
LISINOPRIL,0500000US41027,238
LISINOPRIL,0500000US17115,700
LISINOPRIL,0500000US29091,369
LISINOPRIL,0500000US39167,513
LISINOPRIL,0500000US29125,149
LISINOPRIL,0500000US26023,160
LISINOPRIL,0500000US29051,589
LISINOPRIL,0500000US45043,411
LISINOPRIL,0500000US20123,50
LISINOPRIL,0500000US05043,85
LISINOPRIL,0500000US56029,237
LISINOPRIL,0500000US47133,262
LISINOPRIL,0500000US19169,441
LISINOPRIL,0500000US27041,327
LISINOPRIL,0500000US18085,303
LISINOPRIL,0500000US47051,225
LISINOPRIL,0500000US34011,590
LISINOPRIL,0500000US12091,828
LISINOPRIL,0500000US19123,137
LISINOPRIL,0500000US53057,907
LISINOPRIL,0500000US04021,924
LISINOPRIL,0500000US12087,403
LISINOPRIL,0500000US05063,267
LISINOPRIL,0500000US55005,363
LISINOPRIL,0500000US33017,691
LISINOPRIL,0500000US53071,401
LISINOPRIL,0500000US42113,232
LISINOPRIL,0500000US55043,248
LISINOPRIL,0500000US42009,197
LISINOPRIL,0500000US38101,384
LISINOPRIL,0500000US38021,91
LISINOPRIL,0500000US53027,286
LISINOPRIL,0500000US27131,360
LISINOPRIL,0500000US51177,543
LISINOPRIL,0500000US51033,88
LISINOPRIL,0500000US06045,495
LISINOPRIL,0500000US39129,165
LISINOPRIL,0500000US21047,311
LISINOPRIL,0500000US47163,1714
LISINOPRIL,0500000US19019,52
LISINOPRIL,0500000US37103,137
LISINOPRIL,0500000US31037,57
LISINOPRIL,0500000US72077,142
LISINOPRIL,0500000US51185,327
LISINOPRIL,0500000US53045,301
LISINOPRIL,0500000US42129,1931
LISINOPRIL,0500000US19037,63
LISINOPRIL,0500000US20099,144
LISINOPRIL,0500000US17133,93
LISINOPRIL,0500000US48321,150
LISINOPRIL,0500000US51095,433
LISINOPRIL,0500000US37031,417
LISINOPRIL,0500000US36069,751
LISINOPRIL,0500000US19125,248
LISINOPRIL,0500000US06093,264
LISINOPRIL,0500000US22073,1297
LISINOPRIL,0500000US42057,88
LISINOPRIL,0500000US38069,70
LISINOPRIL,0500000US42097,417
LISINOPRIL,0500000US42037,333
LISINOPRIL,0500000US42093,917
LISINOPRIL,0500000US48291,216
LISINOPRIL,0500000US36113,693
LISINOPRIL,0500000US72153,259
LISINOPRIL,0500000US45089,108
LISINOPRIL,0500000US45033,120
LISINOPRIL,0500000US37005,62
LISINOPRIL,0500000US26087,272
LISINOPRIL,0500000US37165,294
LISINOPRIL,0500000US31155,67
LISINOPRIL,0500000US31053,239
LISINOPRIL,0500000US19179,222
LISINOPRIL,0500000US24001,509
LISINOPRIL,0500000US20133,108
LISINOPRIL,0500000US54027,91
LISINOPRIL,0500000US51640,157
LISINOPRIL,0500000US30083,100
LISINOPRIL,0500000US78010,136
LISINOPRIL,0500000US26075,786
LISINOPRIL,0500000US40145,224
LISINOPRIL,0500000US36099,199
LISINOPRIL,0500000US08047,34
LISINOPRIL,0500000US13075,36
LISINOPRIL,0500000US42103,100
LISINOPRIL,0500000US55131,710
LISINOPRIL,0500000US30031,538
LISINOPRIL,0500000US38039,21
LISINOPRIL,0500000US13095,566
LISINOPRIL,0500000US31141,130
LISINOPRIL,0500000US37033,144
LISINOPRIL,0500000US05109,57
LISINOPRIL,0500000US37083,273
LISINOPRIL,0500000US36057,310
LISINOPRIL,0500000US51700,1094
LISINOPRIL,0500000US51091,21
LISINOPRIL,0500000US31001,188
LISINOPRIL,0500000US42083,244
LISINOPRIL,0500000US16005,643
LISINOPRIL,0500000US51069,219
LISINOPRIL,0500000US31019,290
LISINOPRIL,0500000US28017,108
LISINOPRIL,0500000US72133,67
LISINOPRIL,0500000US51015,508
LISINOPRIL,0500000US27067,277
LISINOPRIL,0500000US48071,161
LISINOPRIL,0500000US26101,144
LISINOPRIL,0500000US13047,230
LISINOPRIL,0500000US36011,433
LISINOPRIL,0500000US08039,226
LISINOPRIL,0500000US36017,251
LISINOPRIL,0500000US23017,266
LISINOPRIL,0500000US29009,201
LISINOPRIL,0500000US33001,336
LISINOPRIL,0500000US37125,750
LISINOPRIL,0500000US21069,105
LISINOPRIL,0500000US42047,175
LISINOPRIL,0500000US51133,87
LISINOPRIL,0500000US51103,132
LISINOPRIL,0500000US50027,289
LISINOPRIL,0500000US19077,36
LISINOPRIL,0500000US55035,916
LISINOPRIL,0500000US42105,93
LISINOPRIL,0500000US55049,142
LISINOPRIL,0500000US26071,74
LISINOPRIL,0500000US39103,618
LISINOPRIL,0500000US13119,144
LISINOPRIL,0500000US55095,361
LISINOPRIL,0500000US51159,66
LISINOPRIL,0500000US38095,24
LISINOPRIL,0500000US36105,285
LISINOPRIL,0500000US18175,119
LISINOPRIL,0500000US01053,161
LISINOPRIL,0500000US05033,185
LISINOPRIL,0500000US08121,38
LISINOPRIL,0500000US18071,238
LISINOPRIL,0500000US06033,325
LISINOPRIL,0500000US48347,346
LISINOPRIL,0500000US72101,94
LISINOPRIL,0500000US41033,600
LISINOPRIL,0500000US13255,304
LISINOPRIL,0500000US48199,114
LISINOPRIL,0500000US12005,948
LISINOPRIL,0500000US48479,507
LISINOPRIL,0500000US30049,368
LISINOPRIL,0500000US19027,179
LISINOPRIL,0500000US32023,220
LISINOPRIL,0500000US36089,591
LISINOPRIL,0500000US28129,117
LISINOPRIL,0500000US28031,178
LISINOPRIL,0500000US22005,361
LISINOPRIL,0500000US24023,173
LISINOPRIL,0500000US40101,390
LISINOPRIL,0500000US26033,200
LISINOPRIL,0500000US40069,202
LISINOPRIL,0500000US23007,156
LISINOPRIL,0500000US13157,179
LISINOPRIL,0500000US13013,220
LISINOPRIL,0500000US37133,427
LISINOPRIL,0500000US22067,144
LISINOPRIL,0500000US18039,864
LISINOPRIL,0500000US51161,589
LISINOPRIL,0500000US26147,712
LISINOPRIL,0500000US51187,180
LISINOPRIL,0500000US38105,164
LISINOPRIL,0500000US22061,209
LISINOPRIL,0500000US19101,91
LISINOPRIL,0500000US46102,45
LISINOPRIL,0500000US29201,259
LISINOPRIL,0500000US51037,48
LISINOPRIL,0500000US28083,161
LISINOPRIL,0500000US55127,453
LISINOPRIL,0500000US20089,8
LISINOPRIL,0500000US47189,577
LISINOPRIL,0500000US16001,2762
LISINOPRIL,0500000US33015,1697
LISINOPRIL,0500000US10001,733
LISINOPRIL,0500000US20185,65
LISINOPRIL,0500000US19149,93
LISINOPRIL,0500000US13279,184
LISINOPRIL,0500000US02130,119
LISINOPRIL,0500000US48153,42
LISINOPRIL,0500000US21101,240
LISINOPRIL,0500000US39005,256
LISINOPRIL,0500000US17139,185
LISINOPRIL,0500000US37077,286
LISINOPRIL,0500000US47127,120
LISINOPRIL,0500000US47003,233
LISINOPRIL,0500000US19099,148
LISINOPRIL,0500000US55031,157
LISINOPRIL,0500000US51730,210
LISINOPRIL,0500000US39001,104
LISINOPRIL,0500000US21083,138
LISINOPRIL,0500000US40147,291
LISINOPRIL,0500000US36101,544
LISINOPRIL,0500000US48067,89
LISINOPRIL,0500000US08097,67
LISINOPRIL,0500000US47053,213
LISINOPRIL,0500000US39009,378
LISINOPRIL,0500000US36075,531
LISINOPRIL,0500000US39077,338
LISINOPRIL,0500000US26059,204
LISINOPRIL,0500000US24029,82
LISINOPRIL,0500000US37191,635
LISINOPRIL,0500000US47035,350
LISINOPRIL,0500000US28139,127
LISINOPRIL,0500000US05047,90
LISINOPRIL,0500000US16057,144
LISINOPRIL,0500000US72143,153
LISINOPRIL,0500000US39107,178
LISINOPRIL,0500000US51199,227
LISINOPRIL,0500000US38079,83
LISINOPRIL,0500000US37109,292
LISINOPRIL,0500000US19155,457
LISINOPRIL,0500000US19129,84
LISINOPRIL,0500000US13299,334
LISINOPRIL,0500000US48013,194
LISINOPRIL,0500000US29043,192
LISINOPRIL,0500000US39053,240
LISINOPRIL,0500000US55099,75
LISINOPRIL,0500000US05103,103
LISINOPRIL,0500000US05091,168
LISINOPRIL,0500000US21133,180
LISINOPRIL,0500000US01037,27
LISINOPRIL,0500000US37093,328
LISINOPRIL,0500000US51660,343
LISINOPRIL,0500000US44003,981
LISINOPRIL,0500000US51027,132
LISINOPRIL,0500000US19013,985
LISINOPRIL,0500000US54045,213
LISINOPRIL,0500000US48139,482
LISINOPRIL,0500000US16017,206
LISINOPRIL,0500000US18081,785
LISINOPRIL,0500000US21043,199
LISINOPRIL,0500000US21063,105
LISINOPRIL,0500000US21135,111
LISINOPRIL,0500000US21205,276
LISINOPRIL,0500000US12037,62
LISINOPRIL,0500000US48389,51
LISINOPRIL,0500000US54025,406
LISINOPRIL,0500000US31101,60
LISINOPRIL,0500000US13275,341
LISINOPRIL,0500000US01003,839
LISINOPRIL,0500000US22057,408
LISINOPRIL,0500000US22109,617
LISINOPRIL,0500000US22007,193
LISINOPRIL,0500000US17203,123
LISINOPRIL,0500000US21179,223
LISINOPRIL,0500000US26043,258
LISINOPRIL,0500000US51121,481
LISINOPRIL,0500000US39117,202
LISINOPRIL,0500000US39083,274
LISINOPRIL,0500000US12061,1035
LISINOPRIL,0500000US28099,161
LISINOPRIL,0500000US51001,137
LISINOPRIL,0500000US72071,172
LISINOPRIL,0500000US12119,1053
LISINOPRIL,0500000US51590,578
LISINOPRIL,0500000US39025,537
LISINOPRIL,0500000US28013,60
LISINOPRIL,0500000US26155,284
LISINOPRIL,0500000US26073,344
LISINOPRIL,0500000US51105,167
LISINOPRIL,0500000US54043,85
LISINOPRIL,0500000US36111,850
LISINOPRIL,0500000US26159,332
LISINOPRIL,0500000US41011,397
LISINOPRIL,0500000US72029,237
LISINOPRIL,0500000US51171,176
LISINOPRIL,0500000US45035,516
LISINOPRIL,0500000US40117,71
LISINOPRIL,0500000US23013,263
LISINOPRIL,0500000US36015,626
LISINOPRIL,0500000US21143,63
LISINOPRIL,0500000US48193,86
LISINOPRIL,0500000US48143,161
LISINOPRIL,0500000US48035,109
LISINOPRIL,0500000US37175,192
LISINOPRIL,0500000US27005,289
LISINOPRIL,0500000US21089,350
LISINOPRIL,0500000US41053,372
LISINOPRIL,0500000US04001,407
LISINOPRIL,0500000US20051,258
LISINOPRIL,0500000US54061,1351
LISINOPRIL,0500000US51067,225
LISINOPRIL,0500000US23021,119
LISINOPRIL,0500000US23015,256
LISINOPRIL,0500000US48043,47
LISINOPRIL,0500000US51061,231
LISINOPRIL,0500000US35005,358
LISINOPRIL,0500000US27153,269
LISINOPRIL,0500000US39085,998
LISINOPRIL,0500000US55083,142
LISINOPRIL,0500000US20015,268
LISINOPRIL,0500000US55103,125
LISINOPRIL,0500000US37141,317
LISINOPRIL,0500000US21131,79
LISINOPRIL,0500000US35057,78
LISINOPRIL,0500000US26123,261
LISINOPRIL,0500000US31039,110
LISINOPRIL,0500000US21215,80
LISINOPRIL,0500000US21211,223
LISINOPRIL,0500000US19053,45
LISINOPRIL,0500000US21035,222
LISINOPRIL,0500000US38035,601
LISINOPRIL,0500000US37007,43
LISINOPRIL,0500000US10005,1099
LISINOPRIL,0500000US19021,105
LISINOPRIL,0500000US72007,64
LISINOPRIL,0500000US22103,1521
LISINOPRIL,0500000US21209,219
LISINOPRIL,0500000US21019,550
LISINOPRIL,0500000US26037,197
LISINOPRIL,0500000US55109,384
LISINOPRIL,0500000US28091,132
LISINOPRIL,0500000US55069,152
LISINOPRIL,0500000US21073,200
LISINOPRIL,0500000US13171,155
LISINOPRIL,0500000US51149,97
LISINOPRIL,0500000US13319,118
LISINOPRIL,0500000US19075,74
LISINOPRIL,0500000US19127,201
LISINOPRIL,0500000US32005,195
LISINOPRIL,0500000US41041,353
LISINOPRIL,0500000US21049,234
LISINOPRIL,0500000US19177,52
LISINOPRIL,0500000US55017,312
LISINOPRIL,0500000US47185,112
LISINOPRIL,0500000US40013,246
LISINOPRIL,0500000US49007,124
LISINOPRIL,0500000US27097,150
LISINOPRIL,0500000US17067,80
LISINOPRIL,0500000US23027,258
LISINOPRIL,0500000US39123,158
LISINOPRIL,0500000US26025,782
LISINOPRIL,0500000US50015,136
LISINOPRIL,0500000US20111,201
LISINOPRIL,0500000US02282,5
LISINOPRIL,0500000US29187,389
LISINOPRIL,0500000US13107,162
LISINOPRIL,0500000US28051,89
LISINOPRIL,0500000US21113,229
LISINOPRIL,0500000US12015,1225
LISINOPRIL,0500000US46013,244
LISINOPRIL,0500000US17109,113
LISINOPRIL,0500000US72047,158
LISINOPRIL,0500000US72145,215
LISINOPRIL,0500000US22075,43
LISINOPRIL,0500000US31159,80
LISINOPRIL,0500000US37193,321
LISINOPRIL,0500000US47097,95
LISINOPRIL,0500000US45049,86
LISINOPRIL,0500000US13055,102
LISINOPRIL,0500000US13295,167
LISINOPRIL,0500000US13083,68
LISINOPRIL,0500000US40047,332
LISINOPRIL,0500000US17189,111
LISINOPRIL,0500000US17145,170
LISINOPRIL,0500000US38103,60
LISINOPRIL,0500000US26063,205
LISINOPRIL,0500000US41007,233
LISINOPRIL,0500000US21167,72
LISINOPRIL,0500000US18043,355
LISINOPRIL,0500000US18037,199
LISINOPRIL,0500000US12023,377
LISINOPRIL,0500000US13129,213
LISINOPRIL,0500000US48397,442
LISINOPRIL,0500000US37057,625
LISINOPRIL,0500000US19171,103
LISINOPRIL,0500000US20021,152
LISINOPRIL,0500000US20017,12
LISINOPRIL,0500000US29207,162
LISINOPRIL,0500000US13233,160
LISINOPRIL,0500000US17055,158
LISINOPRIL,0500000US20175,95
LISINOPRIL,0500000US30057,57
LISINOPRIL,0500000US66010,281
LISINOPRIL,0500000US72141,109
LISINOPRIL,0500000US13039,149
LISINOPRIL,0500000US54077,158
LISINOPRIL,0500000US37179,686
LISINOPRIL,0500000US21011,67
LISINOPRIL,0500000US18047,87
LISINOPRIL,0500000US05107,81
LISINOPRIL,0500000US36063,808
LISINOPRIL,0500000US18093,204
LISINOPRIL,0500000US56033,209
LISINOPRIL,0500000US29157,70
LISINOPRIL,0500000US18079,113
LISINOPRIL,0500000US18005,485
LISINOPRIL,0500000US28057,191
LISINOPRIL,0500000US18033,152
LISINOPRIL,0500000US48449,132
LISINOPRIL,0500000US48159,58
LISINOPRIL,0500000US48343,76
LISINOPRIL,0500000US45075,412
LISINOPRIL,0500000US51830,119
LISINOPRIL,0500000US48149,74
LISINOPRIL,0500000US51800,443
LISINOPRIL,0500000US48223,120
LISINOPRIL,0500000US21033,71
LISINOPRIL,0500000US45003,546
LISINOPRIL,0500000US42025,308
LISINOPRIL,0500000US51137,232
LISINOPRIL,0500000US42131,186
LISINOPRIL,0500000US39023,597
LISINOPRIL,0500000US26039,100
LISINOPRIL,0500000US54099,271
LISINOPRIL,0500000US26029,191
LISINOPRIL,0500000US18099,303
LISINOPRIL,0500000US46079,57
LISINOPRIL,0500000US17105,255
LISINOPRIL,0500000US39047,167
LISINOPRIL,0500000US29071,394
LISINOPRIL,0500000US36009,459
LISINOPRIL,0500000US08125,69
LISINOPRIL,0500000US06103,311
LISINOPRIL,0500000US55073,1171
LISINOPRIL,0500000US47045,226
LISINOPRIL,0500000US18053,330
LISINOPRIL,0500000US39159,432
LISINOPRIL,0500000US39033,230
LISINOPRIL,0500000US26015,204
LISINOPRIL,0500000US27019,416
LISINOPRIL,0500000US29147,95
LISINOPRIL,0500000US24045,754
LISINOPRIL,0500000US39011,155
LISINOPRIL,0500000US24017,462
LISINOPRIL,0500000US05123,96
LISINOPRIL,0500000US53029,195
LISINOPRIL,0500000US47135,66
LISINOPRIL,0500000US09013,518
LISINOPRIL,0500000US48265,384
LISINOPRIL,0500000US39029,444
LISINOPRIL,0500000US21013,176
LISINOPRIL,0500000US12109,979
LISINOPRIL,0500000US55053,140
LISINOPRIL,0500000US48213,315
LISINOPRIL,0500000US05005,334
LISINOPRIL,0500000US41019,753
LISINOPRIL,0500000US48405,41
LISINOPRIL,0500000US18107,133
LISINOPRIL,0500000US53017,148
LISINOPRIL,0500000US42073,390
LISINOPRIL,0500000US26047,385
LISINOPRIL,0500000US27091,191
LISINOPRIL,0500000US48171,303
LISINOPRIL,0500000US01133,100
LISINOPRIL,0500000US01093,183
LISINOPRIL,0500000US01059,147
LISINOPRIL,0500000US42119,401
LISINOPRIL,0500000US19047,70
LISINOPRIL,0500000US55019,357
LISINOPRIL,0500000US37039,79
LISINOPRIL,0500000US39135,134
LISINOPRIL,0500000US51109,107
LISINOPRIL,0500000US51065,123
LISINOPRIL,0500000US17165,207
LISINOPRIL,0500000US49039,115
LISINOPRIL,0500000US22039,222
LISINOPRIL,0500000US13149,99
LISINOPRIL,0500000US41043,544
LISINOPRIL,0500000US06021,95
LISINOPRIL,0500000US18113,171
LISINOPRIL,0500000US42015,684
LISINOPRIL,0500000US47125,517
LISINOPRIL,0500000US72051,142
LISINOPRIL,0500000US46049,47
LISINOPRIL,0500000US39043,479
LISINOPRIL,0500000US27009,31
LISINOPRIL,0500000US28149,216
LISINOPRIL,0500000US16087,56
LISINOPRIL,0500000US12123,107
LISINOPRIL,0500000US48179,76
LISINOPRIL,0500000US48393,8
LISINOPRIL,0500000US48493,165
LISINOPRIL,0500000US39059,176
LISINOPRIL,0500000US24015,316
LISINOPRIL,0500000US27031,43
LISINOPRIL,0500000US51720,204
LISINOPRIL,0500000US22029,93
LISINOPRIL,0500000US72027,163
LISINOPRIL,0500000US40003,17
LISINOPRIL,0500000US05145,410
LISINOPRIL,0500000US17027,162
LISINOPRIL,0500000US22127,88
LISINOPRIL,0500000US28127,102
LISINOPRIL,0500000US21139,68
LISINOPRIL,0500000US40035,103
LISINOPRIL,0500000US55021,355
LISINOPRIL,0500000US54065,58
LISINOPRIL,0500000US01015,516
LISINOPRIL,0500000US46051,50
LISINOPRIL,0500000US05093,132
LISINOPRIL,0500000US26001,59
LISINOPRIL,0500000US46081,217
LISINOPRIL,0500000US05037,70
LISINOPRIL,0500000US19065,114
LISINOPRIL,0500000US20103,375
LISINOPRIL,0500000US26149,165
LISINOPRIL,0500000US26079,98
LISINOPRIL,0500000US72085,130
LISINOPRIL,0500000US26057,317
LISINOPRIL,0500000US13147,77
LISINOPRIL,0500000US36031,212
LISINOPRIL,0500000US55057,169
LISINOPRIL,0500000US27015,275
LISINOPRIL,0500000US27103,273
LISINOPRIL,0500000US21177,157
LISINOPRIL,0500000US47173,63
LISINOPRIL,0500000US12017,829
LISINOPRIL,0500000US16069,330
LISINOPRIL,0500000US37003,136
LISINOPRIL,0500000US50021,460
LISINOPRIL,0500000US47107,254
LISINOPRIL,0500000US46009,55
LISINOPRIL,0500000US46067,80
LISINOPRIL,0500000US55067,128
LISINOPRIL,0500000US55115,178
LISINOPRIL,0500000US05049,92
LISINOPRIL,0500000US02122,383
LISINOPRIL,0500000US26117,302
LISINOPRIL,0500000US48145,70
LISINOPRIL,0500000US32510,432
LISINOPRIL,0500000US20189,43
LISINOPRIL,0500000US51083,185
LISINOPRIL,0500000US47047,159
LISINOPRIL,0500000US28079,123
LISINOPRIL,0500000US30073,35
LISINOPRIL,0500000US30099,55
LISINOPRIL,0500000US05111,78
LISINOPRIL,0500000US38003,60
LISINOPRIL,0500000US19089,76
LISINOPRIL,0500000US28135,82
LISINOPRIL,0500000US21171,83
LISINOPRIL,0500000US39139,620
LISINOPRIL,0500000US18059,361
LISINOPRIL,0500000US28029,65
LISINOPRIL,0500000US31023,61
LISINOPRIL,0500000US55061,161
LISINOPRIL,0500000US31011,84
LISINOPRIL,0500000US06101,600
LISINOPRIL,0500000US31093,43
LISINOPRIL,0500000US29135,40
LISINOPRIL,0500000US19055,131
LISINOPRIL,0500000US36039,136
LISINOPRIL,0500000US19141,97
LISINOPRIL,0500000US37019,614
LISINOPRIL,0500000US08117,116
LISINOPRIL,0500000US08049,116
LISINOPRIL,0500000US37199,89
LISINOPRIL,0500000US48419,82
LISINOPRIL,0500000US18049,99
LISINOPRIL,0500000US18131,92
LISINOPRIL,0500000US18149,117
LISINOPRIL,0500000US50017,146
LISINOPRIL,0500000US28023,105
LISINOPRIL,0500000US39065,151
LISINOPRIL,0500000US13017,93
LISINOPRIL,0500000US13155,44
LISINOPRIL,0500000US13315,61
LISINOPRIL,0500000US39007,298
LISINOPRIL,0500000US19095,77
LISINOPRIL,0500000US12045,65
LISINOPRIL,0500000US42001,504
LISINOPRIL,0500000US42051,534
LISINOPRIL,0500000US48251,411
LISINOPRIL,0500000US49023,62
LISINOPRIL,0500000US72131,197
LISINOPRIL,0500000US20121,122
LISINOPRIL,0500000US48481,181
LISINOPRIL,0500000US29001,226
LISINOPRIL,0500000US29186,141
LISINOPRIL,0500000US49029,39
LISINOPRIL,0500000US26045,325
LISINOPRIL,0500000US27095,260
LISINOPRIL,0500000US18133,134
LISINOPRIL,0500000US18119,65
LISINOPRIL,0500000US18109,224
LISINOPRIL,0500000US47141,806
LISINOPRIL,0500000US16009,72
LISINOPRIL,0500000US19131,35
LISINOPRIL,0500000US45023,74
LISINOPRIL,0500000US01039,160
LISINOPRIL,0500000US13175,251
LISINOPRIL,0500000US08014,187
LISINOPRIL,0500000US48469,486
LISINOPRIL,0500000US28093,153
LISINOPRIL,0500000US20151,89
LISINOPRIL,0500000US30085,100
LISINOPRIL,0500000US30055,14
LISINOPRIL,0500000US30105,66
LISINOPRIL,0500000US21239,144
LISINOPRIL,0500000US13235,74
LISINOPRIL,0500000US13091,106
LISINOPRIL,0500000US13093,72
LISINOPRIL,0500000US42065,268
LISINOPRIL,0500000US17025,54
LISINOPRIL,0500000US30047,197
LISINOPRIL,0500000US01019,121
LISINOPRIL,0500000US18103,155
LISINOPRIL,0500000US21217,161
LISINOPRIL,0500000US21021,221
LISINOPRIL,0500000US31081,59
LISINOPRIL,0500000US53031,211
LISINOPRIL,0500000US38001,49
LISINOPRIL,0500000US31181,31
LISINOPRIL,0500000US72121,124
LISINOPRIL,0500000US21155,113
LISINOPRIL,0500000US13133,159
LISINOPRIL,0500000US47039,77
LISINOPRIL,0500000US29229,99
LISINOPRIL,0500000US37091,133
LISINOPRIL,0500000US20023,27
LISINOPRIL,0500000US12059,74
LISINOPRIL,0500000US02150,73
LISINOPRIL,0500000US47071,179
LISINOPRIL,0500000US19111,156
LISINOPRIL,0500000US06027,152
LISINOPRIL,0500000US40119,298
LISINOPRIL,0500000US47055,160
LISINOPRIL,0500000US01063,29
LISINOPRIL,0500000US31089,117
LISINOPRIL,0500000US37181,310
LISINOPRIL,0500000US51740,344
LISINOPRIL,0500000US28153,119
LISINOPRIL,0500000US39015,177
LISINOPRIL,0500000US20193,88
LISINOPRIL,0500000US42035,207
LISINOPRIL,0500000US55003,238
LISINOPRIL,0500000US19183,124
LISINOPRIL,0500000US28141,98
LISINOPRIL,0500000US28117,179
LISINOPRIL,0500000US01011,28
LISINOPRIL,0500000US22093,78
LISINOPRIL,0500000US40011,76
LISINOPRIL,0500000US40093,55
LISINOPRIL,0500000US49043,150
LISINOPRIL,0500000US01057,65
LISINOPRIL,0500000US18137,201
LISINOPRIL,0500000US22027,127
LISINOPRIL,0500000US27013,539
LISINOPRIL,0500000US53043,51
LISINOPRIL,0500000US45029,173
LISINOPRIL,0500000US19145,150
LISINOPRIL,0500000US29089,43
LISINOPRIL,0500000US26005,425
LISINOPRIL,0500000US28159,174
LISINOPRIL,0500000US72049,9
LISINOPRIL,0500000US37065,202
LISINOPRIL,0500000US39121,42
LISINOPRIL,0500000US39115,25
LISINOPRIL,0500000US20171,45
LISINOPRIL,0500000US20109,83
LISINOPRIL,0500000US20055,172
LISINOPRIL,0500000US47105,217
LISINOPRIL,0500000US48219,88
LISINOPRIL,0500000US21195,554
LISINOPRIL,0500000US08103,88
LISINOPRIL,0500000US38057,80
LISINOPRIL,0500000US17179,396
LISINOPRIL,0500000US42005,246
LISINOPRIL,0500000US22105,530
LISINOPRIL,0500000US22091,69
LISINOPRIL,0500000US22063,258
LISINOPRIL,0500000US16085,80
LISINOPRIL,0500000US46083,573
LISINOPRIL,0500000US21137,140
LISINOPRIL,0500000US48023,38
LISINOPRIL,0500000US48275,60
LISINOPRIL,0500000US08065,47
LISINOPRIL,0500000US04071,13
LISINOPRIL,0500000US38051,37
LISINOPRIL,0500000US38047,6
LISINOPRIL,0500000US38029,68
LISINOPRIL,0500000US27047,170
LISINOPRIL,0500000US23023,198
LISINOPRIL,0500000US37197,130
LISINOPRIL,0500000US54107,585
LISINOPRIL,0500000US55055,324
LISINOPRIL,0500000US36043,379
LISINOPRIL,0500000US36021,286
LISINOPRIL,0500000US48475,32
LISINOPRIL,0500000US48253,121
LISINOPRIL,0500000US01081,451
LISINOPRIL,0500000US18171,46
LISINOPRIL,0500000US28071,344
LISINOPRIL,0500000US26115,414
LISINOPRIL,0500000US48063,53
LISINOPRIL,0500000US13317,29
LISINOPRIL,0500000US30035,82
LISINOPRIL,0500000US37113,164
LISINOPRIL,0500000US08023,12
LISINOPRIL,0500000US18167,768
LISINOPRIL,0500000US29167,176
LISINOPRIL,0500000US56015,42
LISINOPRIL,0500000US48259,279
LISINOPRIL,0500000US12055,569
LISINOPRIL,0500000US41065,259
LISINOPRIL,0500000US45081,110
LISINOPRIL,0500000US08015,152
LISINOPRIL,0500000US08055,97
LISINOPRIL,0500000US38059,76
LISINOPRIL,0500000US28115,243
LISINOPRIL,0500000US13241,111
LISINOPRIL,0500000US40139,70
LISINOPRIL,0500000US13081,106
LISINOPRIL,0500000US56025,544
LISINOPRIL,0500000US72067,78
LISINOPRIL,0500000US29079,49
LISINOPRIL,0500000US51051,84
LISINOPRIL,0500000US05121,99
LISINOPRIL,0500000US13049,41
LISINOPRIL,0500000US13025,25
LISINOPRIL,0500000US45047,586
LISINOPRIL,0500000US48181,695
LISINOPRIL,0500000US18017,177
LISINOPRIL,0500000US51025,46
LISINOPRIL,0500000US35007,86
LISINOPRIL,0500000US48401,199
LISINOPRIL,0500000US31047,149
LISINOPRIL,0500000US72025,818
LISINOPRIL,0500000US27071,98
LISINOPRIL,0500000US42075,954
LISINOPRIL,0500000US30053,139
LISINOPRIL,0500000US27099,137
LISINOPRIL,0500000US51600,322
LISINOPRIL,0500000US31175,54
LISINOPRIL,0500000US13187,125
LISINOPRIL,0500000US51023,166
LISINOPRIL,0500000US45031,445
LISINOPRIL,0500000US21075,29
LISINOPRIL,0500000US33003,264
LISINOPRIL,0500000US20179,18
LISINOPRIL,0500000US20065,29
LISINOPRIL,0500000US55047,129
LISINOPRIL,0500000US08075,157
LISINOPRIL,0500000US21119,152
LISINOPRIL,0500000US05129,35
LISINOPRIL,0500000US05137,158
LISINOPRIL,0500000US47013,255
LISINOPRIL,0500000US50003,222
LISINOPRIL,0500000US20161,313
LISINOPRIL,0500000US17157,173
LISINOPRIL,0500000US08043,190
LISINOPRIL,0500000US48015,52
LISINOPRIL,0500000US05035,229
LISINOPRIL,0500000US21235,350
LISINOPRIL,0500000US05023,139
LISINOPRIL,0500000US48073,163
LISINOPRIL,0500000US17011,148
LISINOPRIL,0500000US54091,268
LISINOPRIL,0500000US54001,196
LISINOPRIL,0500000US42085,576
LISINOPRIL,0500000US46019,91
LISINOPRIL,0500000US29217,120
LISINOPRIL,0500000US36115,248
LISINOPRIL,0500000US17181,129
LISINOPRIL,0500000US21005,86
LISINOPRIL,0500000US39069,153
LISINOPRIL,0500000US39039,227
LISINOPRIL,0500000US18075,82
LISINOPRIL,0500000US12049,86
LISINOPRIL,0500000US29137,90
LISINOPRIL,0500000US29127,281
LISINOPRIL,0500000US29173,42
LISINOPRIL,0500000US35006,197
LISINOPRIL,0500000US48497,289
LISINOPRIL,0500000US48097,225
LISINOPRIL,0500000US17037,332
LISINOPRIL,0500000US39089,673
LISINOPRIL,0500000US20009,139
LISINOPRIL,0500000US27075,73
LISINOPRIL,0500000US23029,230
LISINOPRIL,0500000US17135,194
LISINOPRIL,0500000US01065,51
LISINOPRIL,0500000US48425,92
LISINOPRIL,0500000US19025,64
LISINOPRIL,0500000US56003,63
LISINOPRIL,0500000US20149,182
LISINOPRIL,0500000US35009,164
LISINOPRIL,0500000US02070,32
LISINOPRIL,0500000US21087,82
LISINOPRIL,0500000US72039,102
LISINOPRIL,0500000US48285,130
LISINOPRIL,0500000US13073,448
LISINOPRIL,0500000US54059,87
LISINOPRIL,0500000US02170,373
LISINOPRIL,0500000US40115,149
LISINOPRIL,0500000US29067,168
LISINOPRIL,0500000US29153,62
LISINOPRIL,0500000US72135,108
LISINOPRIL,0500000US72139,143
LISINOPRIL,0500000US48055,236
LISINOPRIL,0500000US48177,100
LISINOPRIL,0500000US39091,176
LISINOPRIL,0500000US55078,77
LISINOPRIL,0500000US12075,117
LISINOPRIL,0500000US20001,90
LISINOPRIL,0500000US36095,116
LISINOPRIL,0500000US37173,156
LISINOPRIL,0500000US31151,83
LISINOPRIL,0500000US35061,233
LISINOPRIL,0500000US54021,37
LISINOPRIL,0500000US54007,64
LISINOPRIL,0500000US13305,107
LISINOPRIL,0500000US40087,182
LISINOPRIL,0500000US05135,126
LISINOPRIL,0500000US47083,47
LISINOPRIL,0500000US29141,94
LISINOPRIL,0500000US49021,116
LISINOPRIL,0500000US46043,42
LISINOPRIL,0500000US47177,257
LISINOPRIL,0500000US47015,106
LISINOPRIL,0500000US47175,111
LISINOPRIL,0500000US47153,134
LISINOPRIL,0500000US51145,155
LISINOPRIL,0500000US08071,89
LISINOPRIL,0500000US54085,76
LISINOPRIL,0500000US29039,63
LISINOPRIL,0500000US35028,159
LISINOPRIL,0500000US53065,339
LISINOPRIL,0500000US72075,161
LISINOPRIL,0500000US46085,33
LISINOPRIL,0500000US48135,749
LISINOPRIL,0500000US27033,79
LISINOPRIL,0500000US13281,110
LISINOPRIL,0500000US47089,334
LISINOPRIL,0500000US20077,56
LISINOPRIL,0500000US30093,237
LISINOPRIL,0500000US05059,183
LISINOPRIL,0500000US47087,203
LISINOPRIL,0500000US51169,125
LISINOPRIL,0500000US26027,130
LISINOPRIL,0500000US01051,174
LISINOPRIL,0500000US37137,56
LISINOPRIL,0500000US40049,140
LISINOPRIL,0500000US72015,67
LISINOPRIL,0500000US21003,68
LISINOPRIL,0500000US54103,67
LISINOPRIL,0500000US05113,121
LISINOPRIL,0500000US35015,256
LISINOPRIL,0500000US28145,237
LISINOPRIL,0500000US01077,501
LISINOPRIL,0500000US20005,120
LISINOPRIL,0500000US20087,165
LISINOPRIL,0500000US20183,39
LISINOPRIL,0500000US28065,62
LISINOPRIL,0500000US39125,83
LISINOPRIL,0500000US48083,76
LISINOPRIL,0500000US20045,522
LISINOPRIL,0500000US37041,70
LISINOPRIL,0500000US01001,165
LISINOPRIL,0500000US05077,27
LISINOPRIL,0500000US04017,655
LISINOPRIL,0500000US12079,64
LISINOPRIL,0500000US12089,270
LISINOPRIL,0500000US27119,221
LISINOPRIL,0500000US47147,282
LISINOPRIL,0500000US45057,284
LISINOPRIL,0500000US05019,76
LISINOPRIL,0500000US39081,350
LISINOPRIL,0500000US17017,42
LISINOPRIL,0500000US48299,114
LISINOPRIL,0500000US48377,32
LISINOPRIL,0500000US40037,238
LISINOPRIL,0500000US55135,196
LISINOPRIL,0500000US18021,119
LISINOPRIL,0500000US51131,125
LISINOPRIL,0500000US27069,31
LISINOPRIL,0500000US51620,87
LISINOPRIL,0500000US51093,148
LISINOPRIL,0500000US51175,82
LISINOPRIL,0500000US13261,120
LISINOPRIL,0500000US36049,226
LISINOPRIL,0500000US29005,32
LISINOPRIL,0500000US13297,359
LISINOPRIL,0500000US28151,274
LISINOPRIL,0500000US29075,50
LISINOPRIL,0500000US50019,132
LISINOPRIL,0500000US20027,77
LISINOPRIL,0500000US08073,54
LISINOPRIL,0500000US22049,119
LISINOPRIL,0500000US13031,369
LISINOPRIL,0500000US37087,251
LISINOPRIL,0500000US51139,103
LISINOPRIL,0500000US08105,151
LISINOPRIL,0500000US50001,206
LISINOPRIL,0500000US54003,440
LISINOPRIL,0500000US48365,61
LISINOPRIL,0500000US47079,181
LISINOPRIL,0500000US20081,40
LISINOPRIL,0500000US20067,50
LISINOPRIL,0500000US22101,213
LISINOPRIL,0500000US17033,82
LISINOPRIL,0500000US12041,83
LISINOPRIL,0500000US51143,200
LISINOPRIL,0500000US22085,64
LISINOPRIL,0500000US37139,280
LISINOPRIL,0500000US19181,208
LISINOPRIL,0500000US28147,59
LISINOPRIL,0500000US33007,274
LISINOPRIL,0500000US17107,96
LISINOPRIL,0500000US28109,159
LISINOPRIL,0500000US51029,84
LISINOPRIL,0500000US51049,79
LISINOPRIL,0500000US46023,103
LISINOPRIL,0500000US22123,32
LISINOPRIL,0500000US01033,399
LISINOPRIL,0500000US18161,118
LISINOPRIL,0500000US13227,166
LISINOPRIL,0500000US12133,120
LISINOPRIL,0500000US06063,113
LISINOPRIL,0500000US55045,242
LISINOPRIL,0500000US22001,212
LISINOPRIL,0500000US72151,97
LISINOPRIL,0500000US27079,269
LISINOPRIL,0500000US24047,272
LISINOPRIL,0500000US13247,639
LISINOPRIL,0500000US26157,253
LISINOPRIL,0500000US46017,20
LISINOPRIL,0500000US31045,52
LISINOPRIL,0500000US48093,97
LISINOPRIL,0500000US01121,270
LISINOPRIL,0500000US51073,165
LISINOPRIL,0500000US31145,82
LISINOPRIL,0500000US31087,57
LISINOPRIL,0500000US31063,57
LISINOPRIL,0500000US39075,120
LISINOPRIL,0500000US72041,144
LISINOPRIL,0500000US18153,69
LISINOPRIL,0500000US48281,91
LISINOPRIL,0500000US27025,200
LISINOPRIL,0500000US18001,125
LISINOPRIL,0500000US20107,26
LISINOPRIL,0500000US37017,127
LISINOPRIL,0500000US50025,273
LISINOPRIL,0500000US47103,141
LISINOPRIL,0500000US36073,146
LISINOPRIL,0500000US26051,73
LISINOPRIL,0500000US17021,120
LISINOPRIL,0500000US53021,282
LISINOPRIL,0500000US01123,170
LISINOPRIL,0500000US28041,44
LISINOPRIL,0500000US48019,59
LISINOPRIL,0500000US48325,166
LISINOPRIL,0500000US12007,106
LISINOPRIL,0500000US29195,154
LISINOPRIL,0500000US05139,298
LISINOPRIL,0500000US26103,496
LISINOPRIL,0500000US16077,32
LISINOPRIL,0500000US26107,133
LISINOPRIL,0500000US21141,106
LISINOPRIL,0500000US56023,86
LISINOPRIL,0500000US48079,18
LISINOPRIL,0500000US19009,52
LISINOPRIL,0500000US01099,85
LISINOPRIL,0500000US48373,123
LISINOPRIL,0500000US19093,52
LISINOPRIL,0500000US72089,53
LISINOPRIL,0500000US19029,95
LISINOPRIL,0500000US49017,27
LISINOPRIL,0500000US54047,114
LISINOPRIL,0500000US72083,38
LISINOPRIL,0500000US55113,148
LISINOPRIL,0500000US51147,155
LISINOPRIL,0500000US40051,149
LISINOPRIL,0500000US27101,25
LISINOPRIL,0500000US01103,584
LISINOPRIL,0500000US27169,147
LISINOPRIL,0500000US25007,126
LISINOPRIL,0500000US17149,88
LISINOPRIL,0500000US05083,99
LISINOPRIL,0500000US40039,133
LISINOPRIL,0500000US48049,214
LISINOPRIL,0500000US48349,166
LISINOPRIL,0500000US21025,137
LISINOPRIL,0500000US72057,197
LISINOPRIL,0500000US48415,64
LISINOPRIL,0500000US48033,53
LISINOPRIL,0500000US48263,46
LISINOPRIL,0500000US21227,834
LISINOPRIL,0500000US05029,120
LISINOPRIL,0500000US21017,171
LISINOPRIL,0500000US41025,46
LISINOPRIL,0500000US41013,216
LISINOPRIL,0500000US17057,132
LISINOPRIL,0500000US45069,88
LISINOPRIL,0500000US02110,166
LISINOPRIL,0500000US48323,164
LISINOPRIL,0500000US39021,126
LISINOPRIL,0500000US27107,39
LISINOPRIL,0500000US35017,214
LISINOPRIL,0500000US13103,151
LISINOPRIL,0500000US54057,64
LISINOPRIL,0500000US28137,136
LISINOPRIL,0500000US30027,95
LISINOPRIL,0500000US56005,164
LISINOPRIL,0500000US35041,164
LISINOPRIL,0500000US40123,315
LISINOPRIL,0500000US02290,10
LISINOPRIL,0500000US47017,308
LISINOPRIL,0500000US29115,76
LISINOPRIL,0500000US30023,107
LISINOPRIL,0500000US55015,170
LISINOPRIL,0500000US01045,181
LISINOPRIL,0500000US56007,57
LISINOPRIL,0500000US48069,73
LISINOPRIL,0500000US21161,172
LISINOPRIL,0500000US20013,94
LISINOPRIL,0500000US48207,39
LISINOPRIL,0500000US05087,278
LISINOPRIL,0500000US01107,97
LISINOPRIL,0500000US13195,46
LISINOPRIL,0500000US72073,49
LISINOPRIL,0500000US08063,43
LISINOPRIL,0500000US13005,54
LISINOPRIL,0500000US18073,148
LISINOPRIL,0500000US53039,123
LISINOPRIL,0500000US05053,124
LISINOPRIL,0500000US19041,123
LISINOPRIL,0500000US26141,114
LISINOPRIL,0500000US54067,145
LISINOPRIL,0500000US27093,100
LISINOPRIL,0500000US22115,131
LISINOPRIL,0500000US19057,250
LISINOPRIL,0500000US08095,49
LISINOPRIL,0500000US02220,75
LISINOPRIL,0500000US21147,118
LISINOPRIL,0500000US40131,230
LISINOPRIL,0500000US18123,96
LISINOPRIL,0500000US19185,88
LISINOPRIL,0500000US31043,78
LISINOPRIL,0500000US51125,77
LISINOPRIL,0500000US40095,62
LISINOPRIL,0500000US21185,265
LISINOPRIL,0500000US28001,145
LISINOPRIL,0500000US18077,180
LISINOPRIL,0500000US47159,169
LISINOPRIL,0500000US47169,111
LISINOPRIL,0500000US08107,139
LISINOPRIL,0500000US13027,89
LISINOPRIL,0500000US21237,50
LISINOPRIL,0500000US49013,91
LISINOPRIL,0500000US19133,101
LISINOPRIL,0500000US13123,99
LISINOPRIL,0500000US38085,29
LISINOPRIL,0500000US13011,93
LISINOPRIL,0500000US17101,52
LISINOPRIL,0500000US26011,94
LISINOPRIL,0500000US08051,78
LISINOPRIL,0500000US47041,116
LISINOPRIL,0500000US72109,68
LISINOPRIL,0500000US28019,53
LISINOPRIL,0500000US22081,87
LISINOPRIL,0500000US17095,266
LISINOPRIL,0500000US39175,81
LISINOPRIL,0500000US56013,308
LISINOPRIL,0500000US48217,94
LISINOPRIL,0500000US29109,224
LISINOPRIL,0500000US29065,176
LISINOPRIL,0500000US28003,314
LISINOPRIL,0500000US35035,247
LISINOPRIL,0500000US13001,101
LISINOPRIL,0500000US40001,102
LISINOPRIL,0500000US18101,56
LISINOPRIL,0500000US20131,67
LISINOPRIL,0500000US47033,83
LISINOPRIL,0500000US48465,201
LISINOPRIL,0500000US42023,28
LISINOPRIL,0500000US13071,201
LISINOPRIL,0500000US45067,94
LISINOPRIL,0500000US13267,96
LISINOPRIL,0500000US32021,19
LISINOPRIL,0500000US19035,77
LISINOPRIL,0500000US42059,146
LISINOPRIL,0500000US35059,24
LISINOPRIL,0500000US13029,88
LISINOPRIL,0500000US49047,167
LISINOPRIL,0500000US48411,15
LISINOPRIL,0500000US08033,15
LISINOPRIL,0500000US21173,216
LISINOPRIL,0500000US06015,124
LISINOPRIL,0500000US37149,77
LISINOPRIL,0500000US26089,198
LISINOPRIL,0500000US48455,97
LISINOPRIL,0500000US05071,91
LISINOPRIL,0500000US17041,80
LISINOPRIL,0500000US26091,324
LISINOPRIL,0500000US35053,75
LISINOPRIL,0500000US31147,43
LISINOPRIL,0500000US17185,36
LISINOPRIL,0500000US26007,253
LISINOPRIL,0500000US16081,28
LISINOPRIL,0500000US28103,67
LISINOPRIL,0500000US40033,25
LISINOPRIL,0500000US39127,115
LISINOPRIL,0500000US51141,57
LISINOPRIL,0500000US20073,23
LISINOPRIL,0500000US06005,202
LISINOPRIL,0500000US29159,180
LISINOPRIL,0500000US41031,143
LISINOPRIL,0500000US54009,229
LISINOPRIL,0500000US27173,70
LISINOPRIL,0500000US45087,69
LISINOPRIL,0500000US24035,179
LISINOPRIL,0500000US13225,79
LISINOPRIL,0500000US13189,97
LISINOPRIL,0500000US55119,99
LISINOPRIL,0500000US21037,297
LISINOPRIL,0500000US40077,120
LISINOPRIL,0500000US48395,34
LISINOPRIL,0500000US01079,108
LISINOPRIL,0500000US50011,226
LISINOPRIL,0500000US54071,70
LISINOPRIL,0500000US21091,19
LISINOPRIL,0500000US21183,118
LISINOPRIL,0500000US40085,73
LISINOPRIL,0500000US48241,147
LISINOPRIL,0500000US29139,47
LISINOPRIL,0500000US21181,65
LISINOPRIL,0500000US28143,34
LISINOPRIL,0500000US40061,85
LISINOPRIL,0500000US13069,240
LISINOPRIL,0500000US34033,240
LISINOPRIL,0500000US37153,163
LISINOPRIL,0500000US01115,220
LISINOPRIL,0500000US48117,75
LISINOPRIL,0500000US16031,109
LISINOPRIL,0500000US45009,75
LISINOPRIL,0500000US21225,41
LISINOPRIL,0500000US72033,47
LISINOPRIL,0500000US56041,84
LISINOPRIL,0500000US56043,50
LISINOPRIL,0500000US55081,238
LISINOPRIL,0500000US28155,49
LISINOPRIL,0500000US38093,184
LISINOPRIL,0500000US21039,18
LISINOPRIL,0500000US00000,119
LISINOPRIL,0500000US46011,185
LISINOPRIL,0500000US46101,105
LISINOPRIL,0500000US53037,202
LISINOPRIL,0500000US19097,76
LISINOPRIL,0500000US40097,163
LISINOPRIL,0500000US28125,37
LISINOPRIL,0500000US02198,36
LISINOPRIL,0500000US72019,75
LISINOPRIL,0500000US31139,53
LISINOPRIL,0500000US12129,60
LISINOPRIL,0500000US36025,287
LISINOPRIL,0500000US48235,33
LISINOPRIL,0500000US31003,37
LISINOPRIL,0500000US48381,345
LISINOPRIL,0500000US48147,98
LISINOPRIL,0500000US08029,182
LISINOPRIL,0500000US55121,107
LISINOPRIL,0500000US51053,54
LISINOPRIL,0500000US53051,151
LISINOPRIL,0500000US19051,40
LISINOPRIL,0500000US28045,160
LISINOPRIL,0500000US51119,40
LISINOPRIL,0500000US27127,199
LISINOPRIL,0500000US27129,151
LISINOPRIL,0500000US20033,23
LISINOPRIL,0500000US37167,242
LISINOPRIL,0500000US48057,96
LISINOPRIL,0500000US27147,185
LISINOPRIL,0500000US48025,103
LISINOPRIL,0500000US05115,256
LISINOPRIL,0500000US08037,204
LISINOPRIL,0500000US46129,64
LISINOPRIL,0500000US18121,95
LISINOPRIL,0500000US51089,104
LISINOPRIL,0500000US19005,86
LISINOPRIL,0500000US72003,200
LISINOPRIL,0500000US12077,29
LISINOPRIL,0500000US24019,167
LISINOPRIL,0500000US37043,57
LISINOPRIL,0500000US21071,410
LISINOPRIL,0500000US19139,201
LISINOPRIL,0500000US48051,54
LISINOPRIL,0500000US31059,56
LISINOPRIL,0500000US38089,123
LISINOPRIL,0500000US72105,104
LISINOPRIL,0500000US20049,13
LISINOPRIL,0500000US51017,39
LISINOPRIL,0500000US16059,40
LISINOPRIL,0500000US29223,49
LISINOPRIL,0500000US20095,57
LISINOPRIL,0500000US22031,52
LISINOPRIL,0500000US48403,47
LISINOPRIL,0500000US21079,50
LISINOPRIL,0500000US47183,195
LISINOPRIL,0500000US48077,31
LISINOPRIL,0500000US48237,39
LISINOPRIL,0500000US40099,46
LISINOPRIL,0500000US31013,60
LISINOPRIL,0500000US53055,112
LISINOPRIL,0500000US28037,98
LISINOPRIL,0500000US28077,88
LISINOPRIL,0500000US72111,75
LISINOPRIL,0500000US04009,166
LISINOPRIL,0500000US48467,139
LISINOPRIL,0500000US48221,199
LISINOPRIL,0500000US19081,66
LISINOPRIL,0500000US28101,97
LISINOPRIL,0500000US38071,109
LISINOPRIL,0500000US30109,17
LISINOPRIL,0500000US42117,237
LISINOPRIL,0500000US72081,158
LISINOPRIL,0500000US05133,67
LISINOPRIL,0500000US21153,90
LISINOPRIL,0500000US72099,141
LISINOPRIL,0500000US47005,90
LISINOPRIL,0500000US26105,166
LISINOPRIL,0500000US06011,95
LISINOPRIL,0500000US26131,27
LISINOPRIL,0500000US28063,64
LISINOPRIL,0500000US47143,105
LISINOPRIL,0500000US39031,114
LISINOPRIL,0500000US51071,84
LISINOPRIL,0500000US28107,154
LISINOPRIL,0500000US55107,95
LISINOPRIL,0500000US37187,37
LISINOPRIL,0500000US13009,109
LISINOPRIL,0500000US24037,350
LISINOPRIL,0500000US20165,22
LISINOPRIL,0500000US20163,47
LISINOPRIL,0500000US27063,50
LISINOPRIL,0500000US72079,89
LISINOPRIL,0500000US50009,43
LISINOPRIL,0500000US20187,25
LISINOPRIL,0500000US20129,37
LISINOPRIL,0500000US26061,223
LISINOPRIL,0500000US48189,131
LISINOPRIL,0500000US38005,54
LISINOPRIL,0500000US30025,23
LISINOPRIL,0500000US01119,36
LISINOPRIL,0500000US42123,237
LISINOPRIL,0500000US72117,52
LISINOPRIL,0500000US21051,233
LISINOPRIL,0500000US17175,24
LISINOPRIL,0500000US20035,192
LISINOPRIL,0500000US46031,37
LISINOPRIL,0500000US33005,436
LISINOPRIL,0500000US05013,36
LISINOPRIL,0500000US48471,205
LISINOPRIL,0500000US17083,61
LISINOPRIL,0500000US37015,67
LISINOPRIL,0500000US51081,13
LISINOPRIL,0500000US51183,37
LISINOPRIL,0500000US17169,21
LISINOPRIL,0500000US20083,56
LISINOPRIL,0500000US51005,62
LISINOPRIL,0500000US35027,97
LISINOPRIL,0500000US48293,123
LISINOPRIL,0500000US54087,98
LISINOPRIL,0500000US51113,104
LISINOPRIL,0500000US41045,146
LISINOPRIL,0500000US17125,33
LISINOPRIL,0500000US47171,119
LISINOPRIL,0500000US48409,175
LISINOPRIL,0500000US48249,108
LISINOPRIL,0500000US48131,26
LISINOPRIL,0500000US18055,263
LISINOPRIL,0500000US13221,30
LISINOPRIL,0500000US22003,107
LISINOPRIL,0500000US16015,35
LISINOPRIL,0500000US40091,86
LISINOPRIL,0500000US24011,122
LISINOPRIL,0500000US22069,147
LISINOPRIL,0500000US01031,204
LISINOPRIL,0500000US12013,54
LISINOPRIL,0500000US08119,81
LISINOPRIL,0500000US45001,164
LISINOPRIL,0500000US16013,114
LISINOPRIL,0500000US18029,206
LISINOPRIL,0500000US21219,60
LISINOPRIL,0500000US31071,8
LISINOPRIL,0500000US31115,8
LISINOPRIL,0500000US22025,74
LISINOPRIL,0500000US29053,76
LISINOPRIL,0500000US20195,34
LISINOPRIL,0500000US37121,132
LISINOPRIL,0500000US17147,106
LISINOPRIL,0500000US20115,70
LISINOPRIL,0500000US20113,210
LISINOPRIL,0500000US46109,128
LISINOPRIL,0500000US40151,38
LISINOPRIL,0500000US41023,28
LISINOPRIL,0500000US47099,213
LISINOPRIL,0500000US51011,38
LISINOPRIL,0500000US53059,68
LISINOPRIL,0500000US16003,45
LISINOPRIL,0500000US22095,106
LISINOPRIL,0500000US46123,40
LISINOPRIL,0500000US13257,112
LISINOPRIL,0500000US48357,27
LISINOPRIL,0500000US21129,101
LISINOPRIL,0500000US08011,34
LISINOPRIL,0500000US22047,67
LISINOPRIL,0500000US45021,210
LISINOPRIL,0500000US48273,53
LISINOPRIL,0500000US47129,81
LISINOPRIL,0500000US30081,229
LISINOPRIL,0500000US16021,50
LISINOPRIL,0500000US45071,182
LISINOPRIL,0500000US12131,269
LISINOPRIL,0500000US26085,72
LISINOPRIL,0500000US54097,155
LISINOPRIL,0500000US22011,90
LISINOPRIL,0500000US18051,121
LISINOPRIL,0500000US28119,44
LISINOPRIL,0500000US02188,37
LISINOPRIL,0500000US51790,191
LISINOPRIL,0500000US27161,48
LISINOPRIL,0500000US48163,34
LISINOPRIL,0500000US01113,72
LISINOPRIL,0500000US46127,92
LISINOPRIL,0500000US49001,49
LISINOPRIL,0500000US13065,41
LISINOPRIL,0500000US04012,128
LISINOPRIL,0500000US39105,40
LISINOPRIL,0500000US18155,108
LISINOPRIL,0500000US18087,109
LISINOPRIL,0500000US53019,57
LISINOPRIL,0500000US19011,87
LISINOPRIL,0500000US56017,48
LISINOPRIL,0500000US05105,32
LISINOPRIL,0500000US01017,112
LISINOPRIL,0500000US27027,146
LISINOPRIL,0500000US27167,58
LISINOPRIL,0500000US31137,120
LISINOPRIL,0500000US39161,111
LISINOPRIL,0500000US13293,116
LISINOPRIL,0500000US12121,124
LISINOPRIL,0500000US19109,70
LISINOPRIL,0500000US48089,120
LISINOPRIL,0500000US29123,79
LISINOPRIL,0500000US05021,124
LISINOPRIL,0500000US21103,108
LISINOPRIL,0500000US29093,47
LISINOPRIL,0500000US46037,29
LISINOPRIL,0500000US46025,29
LISINOPRIL,0500000US17039,53
LISINOPRIL,0500000US13161,69
LISINOPRIL,0500000US27135,97
LISINOPRIL,0500000US42087,233
LISINOPRIL,0500000US27117,47
LISINOPRIL,0500000US18023,211
LISINOPRIL,0500000US18015,182
LISINOPRIL,0500000US31129,40
LISINOPRIL,0500000US51115,25
LISINOPRIL,0500000US19079,102
LISINOPRIL,0500000US18147,90
LISINOPRIL,0500000US39111,47
LISINOPRIL,0500000US16063,22
LISINOPRIL,0500000US26041,186
LISINOPRIL,0500000US19137,91
LISINOPRIL,0500000US27043,34
LISINOPRIL,0500000US28053,26
LISINOPRIL,0500000US28133,164
LISINOPRIL,0500000US55077,75
LISINOPRIL,0500000US48267,24
LISINOPRIL,0500000US29209,148
LISINOPRIL,0500000US20167,53
LISINOPRIL,0500000US48233,54
LISINOPRIL,0500000US32001,96
LISINOPRIL,0500000US46117,6
LISINOPRIL,0500000US51163,69
LISINOPRIL,0500000US32011,13
LISINOPRIL,0500000US72087,50
LISINOPRIL,0500000US13137,169
LISINOPRIL,0500000US28027,136
LISINOPRIL,0500000US40071,150
LISINOPRIL,0500000US48103,21
LISINOPRIL,0500000US47151,127
LISINOPRIL,0500000US72037,37
LISINOPRIL,0500000US20147,33
LISINOPRIL,0500000US29113,107
LISINOPRIL,0500000US36003,202
LISINOPRIL,0500000US28069,62
LISINOPRIL,0500000US08087,138
LISINOPRIL,0500000US19147,51
LISINOPRIL,0500000US01007,142
LISINOPRIL,0500000US18135,126
LISINOPRIL,0500000US13087,99
LISINOPRIL,0500000US30009,47
LISINOPRIL,0500000US22111,65
LISINOPRIL,0500000US37117,83
LISINOPRIL,0500000US18041,69
LISINOPRIL,0500000US40105,98
LISINOPRIL,0500000US20105,19
LISINOPRIL,0500000US19031,81
LISINOPRIL,0500000US05075,85
LISINOPRIL,0500000US18115,23
LISINOPRIL,0500000US51117,178
LISINOPRIL,0500000US13201,64
LISINOPRIL,0500000US51610,324
LISINOPRIL,0500000US21233,84
LISINOPRIL,0500000US54051,237
LISINOPRIL,0500000US48331,80
LISINOPRIL,0500000US05141,92
LISINOPRIL,0500000US40057,30
LISINOPRIL,0500000US40089,124
LISINOPRIL,0500000US51670,119
LISINOPRIL,0500000US47131,178
LISINOPRIL,0500000US13217,284
LISINOPRIL,0500000US56001,92
LISINOPRIL,0500000US18009,101
LISINOPRIL,0500000US18179,157
LISINOPRIL,0500000US48155,6
LISINOPRIL,0500000US30001,78
LISINOPRIL,0500000US49041,89
LISINOPRIL,0500000US05085,205
LISINOPRIL,0500000US22041,140
LISINOPRIL,0500000US19091,34
LISINOPRIL,0500000US08099,117
LISINOPRIL,0500000US28005,63
LISINOPRIL,0500000US16051,47
LISINOPRIL,0500000US30095,30
LISINOPRIL,0500000US47115,164
LISINOPRIL,0500000US40127,65
LISINOPRIL,0500000US48459,102
LISINOPRIL,0500000US48191,66
LISINOPRIL,0500000US17171,12
LISINOPRIL,0500000US17137,139
LISINOPRIL,0500000US31061,24
LISINOPRIL,0500000US13003,25
LISINOPRIL,0500000US21081,85
LISINOPRIL,0500000US01005,76
LISINOPRIL,0500000US20063,39
LISINOPRIL,0500000US19191,158
LISINOPRIL,0500000US38077,102
LISINOPRIL,0500000US30067,119
LISINOPRIL,0500000US05073,26
LISINOPRIL,0500000US13259,24
LISINOPRIL,0500000US46015,50
LISINOPRIL,0500000US21207,68
LISINOPRIL,0500000US48437,52
LISINOPRIL,0500000US13237,105
LISINOPRIL,0500000US22087,97
LISINOPRIL,0500000US27001,7
LISINOPRIL,0500000US55011,34
LISINOPRIL,0500000US27143,74
LISINOPRIL,0500000US27105,142
LISINOPRIL,0500000US06091,17
LISINOPRIL,0500000US47091,95
LISINOPRIL,0500000US47075,124
LISINOPRIL,0500000US48059,118
LISINOPRIL,0500000US48417,98
LISINOPRIL,0500000US29175,92
LISINOPRIL,0500000US48473,96
LISINOPRIL,0500000US26009,96
LISINOPRIL,0500000US51101,64
LISINOPRIL,0500000US38061,71
LISINOPRIL,0500000US42115,119
LISINOPRIL,0500000US46047,70
LISINOPRIL,0500000US31033,83
LISINOPRIL,0500000US19121,80
LISINOPRIL,0500000US47007,87
LISINOPRIL,0500000US46057,28
LISINOPRIL,0500000US15007,285
LISINOPRIL,0500000US26031,173
LISINOPRIL,0500000US31105,25
LISINOPRIL,0500000US31007,9
LISINOPRIL,0500000US05027,118
LISINOPRIL,0500000US31121,53
LISINOPRIL,0500000US29107,126
LISINOPRIL,0500000US19107,49
LISINOPRIL,0500000US12027,84
LISINOPRIL,0500000US13159,65
LISINOPRIL,0500000US17065,105
LISINOPRIL,0500000US31133,22
LISINOPRIL,0500000US31161,44
LISINOPRIL,0500000US72055,52
LISINOPRIL,0500000US49025,46
LISINOPRIL,0500000US13231,92
LISINOPRIL,0500000US13035,161
LISINOPRIL,0500000US01075,68
LISINOPRIL,0500000US54023,76
LISINOPRIL,0500000US17121,165
LISINOPRIL,0500000US26165,227
LISINOPRIL,0500000US13273,32
LISINOPRIL,0500000US49015,14
LISINOPRIL,0500000US16075,101
LISINOPRIL,0500000US13105,63
LISINOPRIL,0500000US16043,42
LISINOPRIL,0500000US48495,15
LISINOPRIL,0500000US13177,123
LISINOPRIL,0500000US38053,82
LISINOPRIL,0500000US08113,36
LISINOPRIL,0500000US20127,42
LISINOPRIL,0500000US48371,62
LISINOPRIL,0500000US13109,52
LISINOPRIL,0500000US29133,40
LISINOPRIL,0500000US05099,38
LISINOPRIL,0500000US46035,86
LISINOPRIL,0500000US40135,120
LISINOPRIL,0500000US56031,43
LISINOPRIL,0500000US22099,105
LISINOPRIL,0500000US30089,72
LISINOPRIL,0500000US31173,80
LISINOPRIL,0500000US31035,53
LISINOPRIL,0500000US16047,85
LISINOPRIL,0500000US29045,22
LISINOPRIL,0500000US37053,75
LISINOPRIL,0500000US26135,24
LISINOPRIL,0500000US16029,15
LISINOPRIL,0500000US28043,134
LISINOPRIL,0500000US32029,71
LISINOPRIL,0500000US19105,57
LISINOPRIL,0500000US26013,38
LISINOPRIL,0500000US01023,44
LISINOPRIL,0500000US49019,47
LISINOPRIL,0500000US05149,121
LISINOPRIL,0500000US05011,46
LISINOPRIL,0500000US54041,105
LISINOPRIL,0500000US19023,118
LISINOPRIL,0500000US05065,116
LISINOPRIL,0500000US29177,78
LISINOPRIL,0500000US40153,99
LISINOPRIL,0500000US41037,81
LISINOPRIL,0500000US17059,59
LISINOPRIL,0500000US20047,23
LISINOPRIL,0500000US13229,28
LISINOPRIL,0500000US20061,120
LISINOPRIL,0500000US20117,49
LISINOPRIL,0500000US72115,100
LISINOPRIL,0500000US46137,21
LISINOPRIL,0500000US20143,100
LISINOPRIL,0500000US49037,135
LISINOPRIL,0500000US05061,48
LISINOPRIL,0500000US05057,63
LISINOPRIL,0500000US53049,99
LISINOPRIL,0500000US47111,149
LISINOPRIL,0500000US27151,50
LISINOPRIL,0500000US18145,157
LISINOPRIL,0500000US48369,30
LISINOPRIL,0500000US48133,73
LISINOPRIL,0500000US48317,25
LISINOPRIL,0500000US48173,25
LISINOPRIL,0500000US08003,141
LISINOPRIL,0500000US37069,164
LISINOPRIL,0500000US45061,55
LISINOPRIL,0500000US30077,30
LISINOPRIL,0500000US51520,69
LISINOPRIL,0500000US29017,32
LISINOPRIL,0500000US19063,34
LISINOPRIL,0500000US39071,194
LISINOPRIL,0500000US54075,88
LISINOPRIL,0500000US28009,36
LISINOPRIL,0500000US19043,65
LISINOPRIL,0500000US19173,36
LISINOPRIL,0500000US06043,71
LISINOPRIL,0500000US21061,252
LISINOPRIL,0500000US21031,297
LISINOPRIL,0500000US39067,69
LISINOPRIL,0500000US20201,27
LISINOPRIL,0500000US37131,33
LISINOPRIL,0500000US21065,103
LISINOPRIL,0500000US21109,52
LISINOPRIL,0500000US13309,14
LISINOPRIL,0500000US08115,35
LISINOPRIL,0500000US48123,106
LISINOPRIL,0500000US21149,36
LISINOPRIL,0500000US27121,181
LISINOPRIL,0500000US48489,65
LISINOPRIL,0500000US72043,99
LISINOPRIL,0500000US20141,6
LISINOPRIL,0500000US46039,14
LISINOPRIL,0500000US29055,136
LISINOPRIL,0500000US22035,42
LISINOPRIL,0500000US38049,16
LISINOPRIL,0500000US29059,76
LISINOPRIL,0500000US56009,75
LISINOPRIL,0500000US17061,53
LISINOPRIL,0500000US13193,80
LISINOPRIL,0500000US35029,93
LISINOPRIL,0500000US72054,20
LISINOPRIL,0500000US27165,81
LISINOPRIL,0500000US41061,171
LISINOPRIL,0500000US72059,84
LISINOPRIL,0500000US26109,61
LISINOPRIL,0500000US18031,131
LISINOPRIL,0500000US29155,105
LISINOPRIL,0500000US48007,95
LISINOPRIL,0500000US72011,141
LISINOPRIL,0500000US30007,15
LISINOPRIL,0500000US30043,37
LISINOPRIL,0500000US17159,50
LISINOPRIL,0500000US26133,102
LISINOPRIL,0500000US13043,42
LISINOPRIL,0500000US20191,90
LISINOPRIL,0500000US29149,120
LISINOPRIL,0500000US29203,88
LISINOPRIL,0500000US18117,67
LISINOPRIL,0500000US21223,26
LISINOPRIL,0500000US37143,21
LISINOPRIL,0500000US46105,15
LISINOPRIL,0500000US48021,191
LISINOPRIL,0500000US13085,153
LISINOPRIL,0500000US20197,62
LISINOPRIL,0500000US17051,56
LISINOPRIL,0500000US13199,46
LISINOPRIL,0500000US18111,53
LISINOPRIL,0500000US28097,30
LISINOPRIL,0500000US38073,56
LISINOPRIL,0500000US20025,29
LISINOPRIL,0500000US13321,91
LISINOPRIL,0500000US13169,101
LISINOPRIL,0500000US47027,48
LISINOPRIL,0500000US27157,80
LISINOPRIL,0500000US55029,145
LISINOPRIL,0500000US20031,58
LISINOPRIL,0500000US16037,29
LISINOPRIL,0500000US02230,12
LISINOPRIL,0500000US20057,135
LISINOPRIL,0500000US08111,79
LISINOPRIL,0500000US21105,9
LISINOPRIL,0500000US40055,12
LISINOPRIL,0500000US37079,99
LISINOPRIL,0500000US18143,112
LISINOPRIL,0500000US22121,62
LISINOPRIL,0500000US38097,40
LISINOPRIL,0500000US51063,59
LISINOPRIL,0500000US05001,103
LISINOPRIL,0500000US47057,84
LISINOPRIL,0500000US05079,99
LISINOPRIL,0500000US05025,57
LISINOPRIL,0500000US27073,89
LISINOPRIL,0500000US54063,67
LISINOPRIL,0500000US54089,106
LISINOPRIL,0500000US17087,23
LISINOPRIL,0500000US56045,40
LISINOPRIL,0500000US21027,86
LISINOPRIL,0500000US29143,111
LISINOPRIL,0500000US46073,39
LISINOPRIL,0500000US18007,7
LISINOPRIL,0500000US46121,67
LISINOPRIL,0500000US22037,119
LISINOPRIL,0500000US20059,67
LISINOPRIL,0500000US54031,105
LISINOPRIL,0500000US21001,126
LISINOPRIL,0500000US21045,103
LISINOPRIL,0500000US16049,123
LISINOPRIL,0500000US20137,12
LISINOPRIL,0500000US56019,51
LISINOPRIL,0500000US19069,61
LISINOPRIL,0500000US05041,64
LISINOPRIL,0500000US48429,64
LISINOPRIL,0500000US01129,28
LISINOPRIL,0500000US38031,33
LISINOPRIL,0500000US47109,129
LISINOPRIL,0500000US38027,19
LISINOPRIL,0500000US22059,63
LISINOPRIL,0500000US19001,78
LISINOPRIL,0500000US31065,35
LISINOPRIL,0500000US30087,73
LISINOPRIL,0500000US29221,118
LISINOPRIL,0500000US48483,28
LISINOPRIL,0500000US48115,44
LISINOPRIL,0500000US29219,67
LISINOPRIL,0500000US02013,35
LISINOPRIL,0500000US49033,12
LISINOPRIL,0500000US01061,172
LISINOPRIL,0500000US20093,33
LISINOPRIL,0500000US40015,88
LISINOPRIL,0500000US48003,71
LISINOPRIL,0500000US51570,240
LISINOPRIL,0500000US47121,37
LISINOPRIL,0500000US28021,31
LISINOPRIL,0500000US37011,73
LISINOPRIL,0500000US17127,81
LISINOPRIL,0500000US02158,17
LISINOPRIL,0500000US56039,101
LISINOPRIL,0500000US27113,78
LISINOPRIL,0500000US30101,51
LISINOPRIL,0500000US21095,149
LISINOPRIL,0500000US48239,50
LISINOPRIL,0500000US16007,43
LISINOPRIL,0500000US40111,124
LISINOPRIL,0500000US39163,23
LISINOPRIL,0500000US55091,29
LISINOPRIL,0500000US48075,76
LISINOPRIL,0500000US48101,48
LISINOPRIL,0500000US48345,59
LISINOPRIL,0500000US21191,41
LISINOPRIL,0500000US40083,115
LISINOPRIL,0500000US42067,154
LISINOPRIL,0500000US39137,129
LISINOPRIL,0500000US29197,10
LISINOPRIL,0500000US32027,32
LISINOPRIL,0500000US19189,35
LISINOPRIL,0500000US29013,74
LISINOPRIL,0500000US17173,95
LISINOPRIL,0500000US13167,38
LISINOPRIL,0500000US13303,124
LISINOPRIL,0500000US19119,47
LISINOPRIL,0500000US48463,160
LISINOPRIL,0500000US18125,49
LISINOPRIL,0500000US46045,29
LISINOPRIL,0500000US48165,54
LISINOPRIL,0500000US20043,32
LISINOPRIL,0500000US19071,41
LISINOPRIL,0500000US48427,124
LISINOPRIL,0500000US22113,189
LISINOPRIL,0500000US48225,70
LISINOPRIL,0500000US12051,109
LISINOPRIL,0500000US72129,104
LISINOPRIL,0500000US26113,59
LISINOPRIL,0500000US32033,38
LISINOPRIL,0500000US55037,21
LISINOPRIL,0500000US48185,63
LISINOPRIL,0500000US31131,71
LISINOPRIL,0500000US51193,56
LISINOPRIL,0500000US48385,10
LISINOPRIL,0500000US48137,59
LISINOPRIL,0500000US48363,99
LISINOPRIL,0500000US41001,107
LISINOPRIL,0500000US16067,68
LISINOPRIL,0500000US28015,44
LISINOPRIL,0500000US17047,38
LISINOPRIL,0500000US47069,116
LISINOPRIL,0500000US21229,77
LISINOPRIL,0500000US46065,110
LISINOPRIL,0500000US46119,75
LISINOPRIL,0500000US19083,94
LISINOPRIL,0500000US48361,205
LISINOPRIL,0500000US13239,7
LISINOPRIL,0500000US31083,83
LISINOPRIL,0500000US31097,38
LISINOPRIL,0500000US48307,35
LISINOPRIL,0500000US20085,98
LISINOPRIL,0500000US46071,45
LISINOPRIL,0500000US19085,49
LISINOPRIL,0500000US27023,78
LISINOPRIL,0500000US46055,22
LISINOPRIL,0500000US48297,20
LISINOPRIL,0500000US02100,24
LISINOPRIL,0500000US12003,80
LISINOPRIL,0500000US20153,22
LISINOPRIL,0500000US72107,61
LISINOPRIL,0500000US47181,116
LISINOPRIL,0500000US13289,46
LISINOPRIL,0500000US51007,25
LISINOPRIL,0500000US51135,99
LISINOPRIL,0500000US54015,52
LISINOPRIL,0500000US38011,19
LISINOPRIL,0500000US46059,67
LISINOPRIL,0500000US35037,47
LISINOPRIL,0500000US17151,27
LISINOPRIL,0500000US48283,37
LISINOPRIL,0500000US46125,50
LISINOPRIL,0500000US42109,209
LISINOPRIL,0500000US21175,82
LISINOPRIL,0500000US37029,38
LISINOPRIL,0500000US16035,82
LISINOPRIL,0500000US22013,55
LISINOPRIL,0500000US39147,192
LISINOPRIL,0500000US27083,168
LISINOPRIL,0500000US48011,39
LISINOPRIL,0500000US49027,39
LISINOPRIL,0500000US20029,46
LISINOPRIL,0500000US40075,38
LISINOPRIL,0500000US54035,164
LISINOPRIL,0500000US69110,45
LISINOPRIL,0500000US16045,110
LISINOPRIL,0500000US29215,133
LISINOPRIL,0500000US19165,84
LISINOPRIL,0500000US01035,68
LISINOPRIL,0500000US21197,74
LISINOPRIL,0500000US45005,74
LISINOPRIL,0500000US40045,27
LISINOPRIL,0500000US13033,80
LISINOPRIL,0500000US35023,29
LISINOPRIL,0500000US47095,47
LISINOPRIL,0500000US38019,28
LISINOPRIL,0500000US31165,79
LISINOPRIL,0500000US05147,43
LISINOPRIL,0500000US26153,48
LISINOPRIL,0500000US48017,38
LISINOPRIL,0500000US09045,34
LISINOPRIL,0500000US37009,112
LISINOPRIL,0500000US72103,68
LISINOPRIL,0500000US27065,117
LISINOPRIL,0500000US19003,42
LISINOPRIL,0500000US02066,6
LISINOPRIL,0500000US02261,53
LISINOPRIL,0500000US20053,38
LISINOPRIL,0500000US06051,47
LISINOPRIL,0500000US51057,71
LISINOPRIL,0500000US26019,184
LISINOPRIL,0500000US32015,24
LISINOPRIL,0500000US01111,88
LISINOPRIL,0500000US19007,51
LISINOPRIL,0500000US29011,87
LISINOPRIL,0500000US48383,11
LISINOPRIL,0500000US36097,107
LISINOPRIL,0500000US31167,58
LISINOPRIL,0500000US31179,126
LISINOPRIL,0500000US05127,60
LISINOPRIL,0500000US39097,142
LISINOPRIL,0500000US21099,87
LISINOPRIL,0500000US31125,13
LISINOPRIL,0500000US47085,96
LISINOPRIL,0500000US48045,30
LISINOPRIL,0500000US51043,27
LISINOPRIL,0500000US17123,33
LISINOPRIL,0500000US08019,41
LISINOPRIL,0500000US48387,28
LISINOPRIL,0500000US13271,26
LISINOPRIL,0500000US18129,63
LISINOPRIL,0500000US48211,29
LISINOPRIL,0500000US48295,16
LISINOPRIL,0500000US48031,71
LISINOPRIL,0500000US48337,67
LISINOPRIL,0500000US45053,89
LISINOPRIL,0500000US13205,78
LISINOPRIL,0500000US26097,67
LISINOPRIL,0500000US30041,126
LISINOPRIL,0500000US46063,39
LISINOPRIL,0500000US29119,78
LISINOPRIL,0500000US13191,34
LISINOPRIL,0500000US13099,37
LISINOPRIL,0500000US19039,42
LISINOPRIL,0500000US51009,79
LISINOPRIL,0500000US53013,33
LISINOPRIL,0500000US30033,28
LISINOPRIL,0500000US29073,85
LISINOPRIL,0500000US53003,94
LISINOPRIL,0500000US08021,55
LISINOPRIL,0500000US13143,117
LISINOPRIL,0500000US37059,141
LISINOPRIL,0500000US18025,32
LISINOPRIL,0500000US02180,40
LISINOPRIL,0500000US21097,110
LISINOPRIL,0500000US13037,40
LISINOPRIL,0500000US37185,23
LISINOPRIL,0500000US20019,29
LISINOPRIL,0500000US40009,149
LISINOPRIL,0500000US20159,66
LISINOPRIL,0500000US40103,23
LISINOPRIL,0500000US47139,76
LISINOPRIL,0500000US48501,29
LISINOPRIL,0500000US48351,18
LISINOPRIL,0500000US30005,36
LISINOPRIL,0500000US54029,51
LISINOPRIL,0500000US19175,85
LISINOPRIL,0500000US40107,61
LISINOPRIL,0500000US45039,66
LISINOPRIL,0500000US68020,6
LISINOPRIL,0500000US40149,65
LISINOPRIL,0500000US45017,39
LISINOPRIL,0500000US24039,60
LISINOPRIL,0500000US40023,53
LISINOPRIL,0500000US41069,12
LISINOPRIL,0500000US38041,3
LISINOPRIL,0500000US38087,3
LISINOPRIL,0500000US29151,37
LISINOPRIL,0500000US19067,96
LISINOPRIL,0500000US01027,72
LISINOPRIL,0500000US31111,228
LISINOPRIL,0500000US55065,58
LISINOPRIL,0500000US30061,11
LISINOPRIL,0500000US21123,61
LISINOPRIL,0500000US21159,63
LISINOPRIL,0500000US40063,46
LISINOPRIL,0500000US48119,17
LISINOPRIL,0500000US21115,89
LISINOPRIL,0500000US55007,63
LISINOPRIL,0500000US30019,17
LISINOPRIL,0500000US21169,73
LISINOPRIL,0500000US46097,18
LISINOPRIL,0500000US48151,19
LISINOPRIL,0500000US05117,35
LISINOPRIL,0500000US48435,30
LISINOPRIL,0500000US13301,32
LISINOPRIL,0500000US13125,6
LISINOPRIL,0500000US22023,33
LISINOPRIL,0500000US05039,39
LISINOPRIL,0500000US46027,75
LISINOPRIL,0500000US30071,24
LISINOPRIL,0500000US12047,20
LISINOPRIL,0500000US51099,37
LISINOPRIL,0500000US48247,5
LISINOPRIL,0500000US48341,56
LISINOPRIL,0500000US13079,9
LISINOPRIL,0500000US51079,44
LISINOPRIL,0500000US13183,70
LISINOPRIL,0500000US46111,19
LISINOPRIL,0500000US21085,123
LISINOPRIL,0500000US48353,82
LISINOPRIL,0500000US56035,30
LISINOPRIL,0500000US16053,89
LISINOPRIL,0500000US27149,61
LISINOPRIL,0500000US37075,37
LISINOPRIL,0500000US72095,31
LISINOPRIL,0500000US16025,5
LISINOPRIL,0500000US48457,62
LISINOPRIL,0500000US21187,25
LISINOPRIL,0500000US17191,91
LISINOPRIL,0500000US29211,50
LISINOPRIL,0500000US46087,18
LISINOPRIL,0500000US20071,25
LISINOPRIL,0500000US20203,33
LISINOPRIL,0500000US20181,44
LISINOPRIL,0500000US48107,20
LISINOPRIL,0500000US08061,10
LISINOPRIL,0500000US31015,14
LISINOPRIL,0500000US17155,32
LISINOPRIL,0500000US48443,8
LISINOPRIL,0500000US13181,18
LISINOPRIL,0500000US01067,109
LISINOPRIL,0500000US26095,34
LISINOPRIL,0500000US31169,27
LISINOPRIL,0500000US31095,48
LISINOPRIL,0500000US45065,30
LISINOPRIL,0500000US48305,21
LISINOPRIL,0500000US01029,41
LISINOPRIL,0500000US20003,40
LISINOPRIL,0500000US30051,29
LISINOPRIL,0500000US48407,17
LISINOPRIL,0500000US48205,36
LISINOPRIL,0500000US31123,22
LISINOPRIL,0500000US19059,61
LISINOPRIL,0500000US30075,34
LISINOPRIL,0500000US30079,31
LISINOPRIL,0500000US17009,18
LISINOPRIL,0500000US48399,59
LISINOPRIL,0500000US31027,36
LISINOPRIL,0500000US31029,28
LISINOPRIL,0500000US29179,65
LISINOPRIL,0500000US40043,22
LISINOPRIL,0500000US31177,64
LISINOPRIL,0500000US19159,41
LISINOPRIL,0500000US40005,33
LISINOPRIL,0500000US31051,27
LISINOPRIL,0500000US54093,48
LISINOPRIL,0500000US34069,30
LISINOPRIL,0500000US29205,25
LISINOPRIL,0500000US72119,101
LISINOPRIL,0500000US19087,86
LISINOPRIL,0500000US32013,30
LISINOPRIL,0500000US54017,39
LISINOPRIL,0500000US17129,19
LISINOPRIL,0500000US01041,55
LISINOPRIL,0500000US21077,26
LISINOPRIL,0500000US31117,41
LISINOPRIL,0500000US05081,50
LISINOPRIL,0500000US26053,82
LISINOPRIL,0500000US29085,26
LISINOPRIL,0500000US17015,44
LISINOPRIL,0500000US35011,15
LISINOPRIL,0500000US30039,41
LISINOPRIL,0500000US48111,16
LISINOPRIL,0500000US22065,40
LISINOPRIL,0500000US48379,2
LISINOPRIL,0500000US38065,45
LISINOPRIL,0500000US06049,46
LISINOPRIL,0500000US48095,13
LISINOPRIL,0500000US27051,48
LISINOPRIL,0500000US05097,35
LISINOPRIL,0500000US13253,37
LISINOPRIL,0500000US31021,30
LISINOPRIL,0500000US01105,101
LISINOPRIL,0500000US20139,47
LISINOPRIL,0500000US48255,34
LISINOPRIL,0500000US48227,117
LISINOPRIL,0500000US53023,35
LISINOPRIL,0500000US48289,21
LISINOPRIL,0500000US38037,31
LISINOPRIL,0500000US46077,48
LISINOPRIL,0500000US13251,37
LISINOPRIL,0500000US13141,42
LISINOPRIL,0500000US13211,40
LISINOPRIL,0500000US51181,6
LISINOPRIL,0500000US27077,10
LISINOPRIL,0500000US02240,16
LISINOPRIL,0500000US48433,20
LISINOPRIL,0500000US51127,63
LISINOPRIL,0500000US31091,12
LISINOPRIL,0500000US19135,33
LISINOPRIL,0500000US16073,25
LISINOPRIL,0500000US21203,94
LISINOPRIL,0500000US51097,37
LISINOPRIL,0500000US28161,78
LISINOPRIL,0500000US01087,34
LISINOPRIL,0500000US31099,29
LISINOPRIL,0500000US21057,67
LISINOPRIL,0500000US18045,52
LISINOPRIL,0500000US30091,10
LISINOPRIL,0500000US55093,38
LISINOPRIL,0500000US48105,9
LISINOPRIL,0500000US48319,14
LISINOPRIL,0500000US28061,51
LISINOPRIL,0500000US51157,24
LISINOPRIL,0500000US45037,95
LISINOPRIL,0500000US13165,32
LISINOPRIL,0500000US29171,13
LISINOPRIL,0500000US38083,14
LISINOPRIL,0500000US19143,27
LISINOPRIL,0500000US38063,22
LISINOPRIL,0500000US02185,3
LISINOPRIL,0500000US46007,13
LISINOPRIL,0500000US40007,35
LISINOPRIL,0500000US31057,23
LISINOPRIL,0500000US48065,19
LISINOPRIL,0500000US51036,31
LISINOPRIL,0500000US48161,73
LISINOPRIL,0500000US48333,26
LISINOPRIL,0500000US35003,12
LISINOPRIL,0500000US35019,44
LISINOPRIL,0500000US27045,69
LISINOPRIL,0500000US31107,66
LISINOPRIL,0500000US38045,4
LISINOPRIL,0500000US48391,21
LISINOPRIL,0500000US46075,5
LISINOPRIL,0500000US48279,29
LISINOPRIL,0500000US48421,10
LISINOPRIL,0500000US51530,12
LISINOPRIL,0500000US20101,10
LISINOPRIL,0500000US17131,44
LISINOPRIL,0500000US19117,52
LISINOPRIL,0500000US48127,28
LISINOPRIL,0500000US38033,12
LISINOPRIL,0500000US38007,18
LISINOPRIL,0500000US20011,63
LISINOPRIL,0500000US30097,15
LISINOPRIL,0500000US31127,26
LISINOPRIL,0500000US48243,12
LISINOPRIL,0500000US19161,47
LISINOPRIL,0500000US48507,24
LISINOPRIL,0500000US16071,40
LISINOPRIL,0500000US22125,41
LISINOPRIL,0500000US29035,49
LISINOPRIL,0500000US29117,87
LISINOPRIL,0500000US72147,12
LISINOPRIL,0500000US30107,21
LISINOPRIL,0500000US35051,60
LISINOPRIL,0500000US50013,6
LISINOPRIL,0500000US38013,17
LISINOPRIL,0500000US13209,23
LISINOPRIL,0500000US13283,27
LISINOPRIL,0500000US02063,28
LISINOPRIL,0500000US29057,28
LISINOPRIL,0500000US47137,43
LISINOPRIL,0500000US17071,12
LISINOPRIL,0500000US38025,29
LISINOPRIL,0500000US51077,42
LISINOPRIL,0500000US56011,27
LISINOPRIL,0500000US40029,28
LISINOPRIL,0500000US47161,45
LISINOPRIL,0500000US21189,37
LISINOPRIL,0500000US48129,18
LISINOPRIL,0500000US12043,27
LISINOPRIL,0500000US72001,54
LISINOPRIL,0500000US38075,9
LISINOPRIL,0500000US46115,26
LISINOPRIL,0500000US40059,24
LISINOPRIL,0500000US17013,18
LISINOPRIL,0500000US48175,17
LISINOPRIL,0500000US48197,18
LISINOPRIL,0500000US31017,20
LISINOPRIL,0500000US48287,56
LISINOPRIL,0500000US08025,8
LISINOPRIL,0500000US29129,18
LISINOPRIL,0500000US12067,39
LISINOPRIL,0500000US29199,33
LISINOPRIL,0500000US48311,5
LISINOPRIL,0500000US17003,22
LISINOPRIL,0500000US13197,17
LISINOPRIL,0500000US48169,16
LISINOPRIL,0500000US48271,6
LISINOPRIL,0500000US55051,18
LISINOPRIL,0500000US20069,35
LISINOPRIL,0500000US27029,26
LISINOPRIL,0500000US48359,6
LISINOPRIL,0500000US48431,10
LISINOPRIL,0500000US48335,28
LISINOPRIL,0500000US31143,34
LISINOPRIL,0500000US13007,20
LISINOPRIL,0500000US37095,18
LISINOPRIL,0500000US38009,24
LISINOPRIL,0500000US48505,23
LISINOPRIL,0500000US29041,42
LISINOPRIL,0500000US13145,41
LISINOPRIL,0500000US01085,9
LISINOPRIL,0500000US31031,24
LISINOPRIL,0500000US40053,12
LISINOPRIL,0500000US12125,42
LISINOPRIL,0500000US05017,57
LISINOPRIL,0500000US27155,15
LISINOPRIL,0500000US54105,34
LISINOPRIL,0500000US13263,6
LISINOPRIL,0500000US27089,20
LISINOPRIL,0500000US08091,19
LISINOPRIL,0500000US46095,3
LISINOPRIL,0500000US08093,6
LISINOPRIL,0500000US46061,9
LISINOPRIL,0500000US20119,26
LISINOPRIL,0500000US25019,39
LISINOPRIL,0500000US02275,23
LISINOPRIL,0500000US20039,7
LISINOPRIL,0500000US35033,13
LISINOPRIL,0500000US34189,7
LISINOPRIL,0500000US20007,28
LISINOPRIL,0500000US20135,18
LISINOPRIL,0500000US36041,23
LISINOPRIL,0500000US48461,25
LISINOPRIL,0500000US40025,9
LISINOPRIL,0500000US08079,3
LISINOPRIL,0500000US51045,6
LISINOPRIL,0500000US13243,21
LISINOPRIL,0500000US48445,32
LISINOPRIL,0500000US30059,25
LISINOPRIL,0500000US78020,11
LISINOPRIL,0500000US19073,16
LISINOPRIL,0500000US27125,21
LISINOPRIL,0500000US13249,26
LISINOPRIL,0500000US13053,7
LISINOPRIL,0500000US46091,30
LISINOPRIL,0500000US46089,14
LISINOPRIL,0500000US13269,16
LISINOPRIL,0500000US41021,13
LISINOPRIL,0500000US41055,6
LISINOPRIL,0500000US56027,8
LISINOPRIL,0500000US54073,8
LISINOPRIL,0500000US48047,10
LISINOPRIL,0500000US48195,15
LISINOPRIL,0500000US38043,6
LISINOPRIL,0500000US30103,6
LISINOPRIL,0500000US06003,2
LISINOPRIL,0500000US31025,26
LISINOPRIL,0500000US13173,34
LISINOPRIL,0500000US08027,12
LISINOPRIL,0500000US19195,6
LISINOPRIL,0500000US13061,8
LISINOPRIL,0500000US08053,12
LISINOPRIL,0500000US29103,6
LISINOPRIL,0500000US38091,7
LISINOPRIL,0500000US21007,15
LISINOPRIL,0500000US13307,11
LISINOPRIL,0500000US35021,6
LISINOPRIL,0500000US21201,15
LISINOPRIL,0500000US20199,6
LISINOPRIL,0500000US20207,12
LISINOPRIL,0500000US08017,11
LISINOPRIL,0500000US30065,13
LISINOPRIL,0500000US48125,2
LISINOPRIL,0500000US02068,3
LISINOPRIL,0500000US37073,12
LISINOPRIL,0500000US46107,17
LISINOPRIL,0500000US02060,2
LISINOPRIL,0500000US22107,8
LISINOPRIL,0500000US37177,6
LISINOPRIL,0500000US28039,6
LISINOPRIL,0500000US31069,6
LISINOPRIL,0500000US31005,6
LISINOPRIL,0500000US38023,10
LISINOPRIL,0500000US02105,7
LISINOPRIL,0500000US48109,10
LISINOPRIL,0500000US31073,1
LISINOPRIL,0500000US02016,5
LISINOPRIL,0500000US48315,1
LISINOPRIL,0500000US08109,5
LISINOPRIL,0500000US16023,5
LISINOPRIL,0500000US48087,12
LISINOPRIL,0500000US48229,3
LISINOPRIL,0500000US13101,4
LISINOPRIL,0500000US16061,4
LISINOPRIL,0500000US42053,3
LISINOPRIL,0500000US48327,2
LISINOPRIL,0500000US46021,2
LISINOPRIL,0500000US46069,1
LISINOPRIL,0500000US51580,1
LISINOPRIL,0500000US29227,1
